Workbook
Name SegmentaciónDeDatos_Jugador: #N/A
Name SegmentaciónDeDatos_Jugador: #N/A
Name SegmentaciónDeDatos_Jugador1: ""
Name SegmentaciónDeDatos_POSICION1: #N/A
Name SegmentaciónDeDatos_POSICION1: #N/A
Name SegmentaciónDeDatos_rival: #N/A
Name SegmentaciónDeDatos_rival: #N/A

Sheet PORTADA
B6: INFANTIL A FC BARCELONA
B7: HANDBOL
B11: EQUIP: | D11: Infantil Masculí A
B12: TEMPORADA: | D12: 2025 / 2026
B13: FASE: | D13: 3a Fase · Lliga
B14: COMPETICIÓ: | D14: Lliga Infantil Masculina
B18: NAVEGACIÓ RÀPIDA
B20: 📊 ESTADÍSTICAS INDIVIDUALS
B21: 📊 ESTADÍSTICAS D'EQUIP
B22: 🔍 FILTRE · INDIVIDUAL
B23: 🔍 FILTRE · EQUIP
B24: 📋 DADES
B26: Document generat automàticament · Ús intern FC Barcelona Handbol

Sheet Datos
A1: Jugador | B1: Goles | C1: Paradas | D1: Lanzam. | E1: % lanz | F1: Asistencia | G1: Exclusión | H1: Pase | I1: Área | J1: Pasos | K1: Otro | L1: Recup. | M1: Exclusión + | N1: PenaltiProvocado | O1: JORNADA | P1: FASE | Q1: L/V | R1: rival | S1: POSICION | T1: goles favor | U1: goles contra | V1: lanzamientos realizados | W1: lanzamientos recibidos
A2: Adai | B2: 6 | D2: 7 | E2: =IF(BD_ESTADISTICA_INF_B[[#This Row],[Lanzam.]]="","",IF(BD_ESTADISTICA_INF_B[[#This Row],[POSICION]]="jugador",B2/D2,C2/D2)) -> 0.85714286 | F2: 2 | H2: 1 | L2: 3 | O2: 3 | P2: 3 | Q2: L | R2: H.SANT QUIRZE(L) | S2: =IF(OR(BD_ESTADISTICA_INF_B[[#This Row],[Jugador]]="eudald",BD_ESTADISTICA_INF_B[[#This Row],[Jugador]]="jules",BD_ESTADISTICA_INF_B[[#This Row],[Jugador]]="JAN"),"PORTERO","JUGADOR") -> JUGADOR | T2: =IF(BD_ESTADISTICA_INF_B[[#This Row],[POSICION]]="jugador",BD_ESTADISTICA_INF_B[[#This Row],[Goles]],0) -> 6 | U2: =IF(BD_ESTADISTICA_INF_B[[#This Row],[POSICION]]="portero",BD_ESTADISTICA_INF_B[[#This Row],[Lanzam.]]-BD_ESTADISTICA_INF_B[[#This Row],[Paradas]],0) -> 0 | V2: =IF(BD_ESTADISTICA_INF_B[[#This Row],[POSICION]]="jugador",BD_ESTADISTICA_INF_B[[#This Row],[Lanzam.]],0) -> 7 | W2: =IF(BD_ESTADISTICA_INF_B[[#This Row],[POSICION]]="portero",BD_ESTADISTICA_INF_B[[#This Row],[Lanzam.]],0) -> 0
A3: Albert | B3: 4 | D3: 4 | E3: =IF(BD_ESTADISTICA_INF_B[[#This Row],[Lanzam.]]="","",IF(BD_ESTADISTICA_INF_B[[#This Row],[POSICION]]="jugador",B3/D3,C3/D3)) -> 1 | F3: 2 | L3: 1 | O3: 3 | P3: 3 | Q3: L | R3: H.SANT QUIRZE(L) | S3: =IF(OR(BD_ESTADISTICA_INF_B[[#This Row],[Jugador]]="eudald",BD_ESTADISTICA_INF_B[[#This Row],[Jugador]]="jules",BD_ESTADISTICA_INF_B[[#This Row],[Jugador]]="JAN"),"PORTERO","JUGADOR") -> JUGADOR | T3: =IF(BD_ESTADISTICA_INF_B[[#This Row],[POSICION]]="jugador",BD_ESTADISTICA_INF_B[[#This Row],[Goles]],0) -> 4 | U3: =IF(BD_ESTADISTICA_INF_B[[#This Row],[POSICION]]="portero",BD_ESTADISTICA_INF_B[[#This Row],[Lanzam.]]-BD_ESTADISTICA_INF_B[[#This Row],[Paradas]],0) -> 0 | V3: =IF(BD_ESTADISTICA_INF_B[[#This Row],[POSICION]]="jugador",BD_ESTADISTICA_INF_B[[#This Row],[Lanzam.]],0) -> 4 | W3: =IF(BD_ESTADISTICA_INF_B[[#This Row],[POSICION]]="portero",BD_ESTADISTICA_INF_B[[#This Row],[Lanzam.]],0) -> 0
A4: A. Espeso | B4: 1 | D4: 1 | E4: =IF(BD_ESTADISTICA_INF_B[[#This Row],[Lanzam.]]="","",IF(BD_ESTADISTICA_INF_B[[#This Row],[POSICION]]="jugador",B4/D4,C4/D4)) -> 1 | F4: 4 | O4: 3 | P4: 3 | Q4: L | R4: H.SANT QUIRZE(L) | S4: =IF(OR(BD_ESTADISTICA_INF_B[[#This Row],[Jugador]]="eudald",BD_ESTADISTICA_INF_B[[#This Row],[Jugador]]="jules",BD_ESTADISTICA_INF_B[[#This Row],[Jugador]]="JAN"),"PORTERO","JUGADOR") -> JUGADOR | T4: =IF(BD_ESTADISTICA_INF_B[[#This Row],[POSICION]]="jugador",BD_ESTADISTICA_INF_B[[#This Row],[Goles]],0) -> 1 | U4: =IF(BD_ESTADISTICA_INF_B[[#This Row],[POSICION]]="portero",BD_ESTADISTICA_INF_B[[#This Row],[Lanzam.]]-BD_ESTADISTICA_INF_B[[#This Row],[Paradas]],0) -> 0 | V4: =IF(BD_ESTADISTICA_INF_B[[#This Row],[POSICION]]="jugador",BD_ESTADISTICA_INF_B[[#This Row],[Lanzam.]],0) -> 1 | W4: =IF(BD_ESTADISTICA_INF_B[[#This Row],[POSICION]]="portero",BD_ESTADISTICA_INF_B[[#This Row],[Lanzam.]],0) -> 0
A5: Manel | B5: 6 | D5: 6 | E5: =IF(BD_ESTADISTICA_INF_B[[#This Row],[Lanzam.]]="","",IF(BD_ESTADISTICA_INF_B[[#This Row],[POSICION]]="jugador",B5/D5,C5/D5)) -> 1 | F5: 2 | L5: 1 | O5: 3 | P5: 3 | Q5: L | R5: H.SANT QUIRZE(L) | S5: =IF(OR(BD_ESTADISTICA_INF_B[[#This Row],[Jugador]]="eudald",BD_ESTADISTICA_INF_B[[#This Row],[Jugador]]="jules",BD_ESTADISTICA_INF_B[[#This Row],[Jugador]]="JAN"),"PORTERO","JUGADOR") -> JUGADOR | T5: =IF(BD_ESTADISTICA_INF_B[[#This Row],[POSICION]]="jugador",BD_ESTADISTICA_INF_B[[#This Row],[Goles]],0) -> 6 | U5: =IF(BD_ESTADISTICA_INF_B[[#This Row],[POSICION]]="portero",BD_ESTADISTICA_INF_B[[#This Row],[Lanzam.]]-BD_ESTADISTICA_INF_B[[#This Row],[Paradas]],0) -> 0 | V5: =IF(BD_ESTADISTICA_INF_B[[#This Row],[POSICION]]="jugador",BD_ESTADISTICA_INF_B[[#This Row],[Lanzam.]],0) -> 6 | W5: =IF(BD_ESTADISTICA_INF_B[[#This Row],[POSICION]]="portero",BD_ESTADISTICA_INF_B[[#This Row],[Lanzam.]],0) -> 0
A6: Jordi | E6: =IF(BD_ESTADISTICA_INF_B[[#This Row],[Lanzam.]]="","",IF(BD_ESTADISTICA_INF_B[[#This Row],[POSICION]]="jugador",B6/D6,C6/D6)) | L6: 1 | O6: 3 | P6: 3 | Q6: L | R6: H.SANT QUIRZE(L) | S6: =IF(OR(BD_ESTADISTICA_INF_B[[#This Row],[Jugador]]="eudald",BD_ESTADISTICA_INF_B[[#This Row],[Jugador]]="jules",BD_ESTADISTICA_INF_B[[#This Row],[Jugador]]="JAN"),"PORTERO","JUGADOR") -> JUGADOR | T6: =IF(BD_ESTADISTICA_INF_B[[#This Row],[POSICION]]="jugador",BD_ESTADISTICA_INF_B[[#This Row],[Goles]],0) -> 0 | U6: =IF(BD_ESTADISTICA_INF_B[[#This Row],[POSICION]]="portero",BD_ESTADISTICA_INF_B[[#This Row],[Lanzam.]]-BD_ESTADISTICA_INF_B[[#This Row],[Paradas]],0) -> 0 | V6: =IF(BD_ESTADISTICA_INF_B[[#This Row],[POSICION]]="jugador",BD_ESTADISTICA_INF_B[[#This Row],[Lanzam.]],0) -> 0 | W6: =IF(BD_ESTADISTICA_INF_B[[#This Row],[POSICION]]="portero",BD_ESTADISTICA_INF_B[[#This Row],[Lanzam.]],0) -> 0
A7: Roger | B7: 7 | D7: 8 | E7: =IF(BD_ESTADISTICA_INF_B[[#This Row],[Lanzam.]]="","",IF(BD_ESTADISTICA_INF_B[[#This Row],[POSICION]]="jugador",B7/D7,C7/D7)) -> 0.875 | N7: 1 | O7: 3 | P7: 3 | Q7: L | R7: H.SANT QUIRZE(L) | S7: =IF(OR(BD_ESTADISTICA_INF_B[[#This Row],[Jugador]]="eudald",BD_ESTADISTICA_INF_B[[#This Row],[Jugador]]="jules",BD_ESTADISTICA_INF_B[[#This Row],[Jugador]]="JAN"),"PORTERO","JUGADOR") -> JUGADOR | T7: =IF(BD_ESTADISTICA_INF_B[[#This Row],[POSICION]]="jugador",BD_ESTADISTICA_INF_B[[#This Row],[Goles]],0) -> 7 | U7: =IF(BD_ESTADISTICA_INF_B[[#This Row],[POSICION]]="portero",BD_ESTADISTICA_INF_B[[#This Row],[Lanzam.]]-BD_ESTADISTICA_INF_B[[#This Row],[Paradas]],0) -> 0 | V7: =IF(BD_ESTADISTICA_INF_B[[#This Row],[POSICION]]="jugador",BD_ESTADISTICA_INF_B[[#This Row],[Lanzam.]],0) -> 8 | W7: =IF(BD_ESTADISTICA_INF_B[[#This Row],[POSICION]]="portero",BD_ESTADISTICA_INF_B[[#This Row],[Lanzam.]],0) -> 0
A8: Martí | B8: 2 | D8: 2 | E8: =IF(BD_ESTADISTICA_INF_B[[#This Row],[Lanzam.]]="","",IF(BD_ESTADISTICA_INF_B[[#This Row],[POSICION]]="jugador",B8/D8,C8/D8)) -> 1 | F8: 6 | J8: 1 | O8: 3 | P8: 3 | Q8: L | R8: H.SANT QUIRZE(L) | S8: =IF(OR(BD_ESTADISTICA_INF_B[[#This Row],[Jugador]]="eudald",BD_ESTADISTICA_INF_B[[#This Row],[Jugador]]="jules",BD_ESTADISTICA_INF_B[[#This Row],[Jugador]]="JAN"),"PORTERO","JUGADOR") -> JUGADOR | T8: =IF(BD_ESTADISTICA_INF_B[[#This Row],[POSICION]]="jugador",BD_ESTADISTICA_INF_B[[#This Row],[Goles]],0) -> 2 | U8: =IF(BD_ESTADISTICA_INF_B[[#This Row],[POSICION]]="portero",BD_ESTADISTICA_INF_B[[#This Row],[Lanzam.]]-BD_ESTADISTICA_INF_B[[#This Row],[Paradas]],0) -> 0 | V8: =IF(BD_ESTADISTICA_INF_B[[#This Row],[POSICION]]="jugador",BD_ESTADISTICA_INF_B[[#This Row],[Lanzam.]],0) -> 2 | W8: =IF(BD_ESTADISTICA_INF_B[[#This Row],[POSICION]]="portero",BD_ESTADISTICA_INF_B[[#This Row],[Lanzam.]],0) -> 0
A9: Biel | B9: 2 | D9: 3 | E9: =IF(BD_ESTADISTICA_INF_B[[#This Row],[Lanzam.]]="","",IF(BD_ESTADISTICA_INF_B[[#This Row],[POSICION]]="jugador",B9/D9,C9/D9)) -> 0.66666667 | L9: 2 | O9: 3 | P9: 3 | Q9: L | R9: H.SANT QUIRZE(L) | S9: =IF(OR(BD_ESTADISTICA_INF_B[[#This Row],[Jugador]]="eudald",BD_ESTADISTICA_INF_B[[#This Row],[Jugador]]="jules",BD_ESTADISTICA_INF_B[[#This Row],[Jugador]]="JAN"),"PORTERO","JUGADOR") -> JUGADOR | T9: =IF(BD_ESTADISTICA_INF_B[[#This Row],[POSICION]]="jugador",BD_ESTADISTICA_INF_B[[#This Row],[Goles]],0) -> 2 | U9: =IF(BD_ESTADISTICA_INF_B[[#This Row],[POSICION]]="portero",BD_ESTADISTICA_INF_B[[#This Row],[Lanzam.]]-BD_ESTADISTICA_INF_B[[#This Row],[Paradas]],0) -> 0 | V9: =IF(BD_ESTADISTICA_INF_B[[#This Row],[POSICION]]="jugador",BD_ESTADISTICA_INF_B[[#This Row],[Lanzam.]],0) -> 3 | W9: =IF(BD_ESTADISTICA_INF_B[[#This Row],[POSICION]]="portero",BD_ESTADISTICA_INF_B[[#This Row],[Lanzam.]],0) -> 0
A10: Joan Pau | B10: 3 | D10: 5 | E10: =IF(BD_ESTADISTICA_INF_B[[#This Row],[Lanzam.]]="","",IF(BD_ESTADISTICA_INF_B[[#This Row],[POSICION]]="jugador",B10/D10,C10/D10)) -> 0.6 | F10: 5 | L10: 3 | O10: 3 | P10: 3 | Q10: L | R10: H.SANT QUIRZE(L) | S10: =IF(OR(BD_ESTADISTICA_INF_B[[#This Row],[Jugador]]="eudald",BD_ESTADISTICA_INF_B[[#This Row],[Jugador]]="jules",BD_ESTADISTICA_INF_B[[#This Row],[Jugador]]="JAN"),"PORTERO","JUGADOR") -> JUGADOR | T10: =IF(BD_ESTADISTICA_INF_B[[#This Row],[POSICION]]="jugador",BD_ESTADISTICA_INF_B[[#This Row],[Goles]],0) -> 3 | U10: =IF(BD_ESTADISTICA_INF_B[[#This Row],[POSICION]]="portero",BD_ESTADISTICA_INF_B[[#This Row],[Lanzam.]]-BD_ESTADISTICA_INF_B[[#This Row],[Paradas]],0) -> 0 | V10: =IF(BD_ESTADISTICA_INF_B[[#This Row],[POSICION]]="jugador",BD_ESTADISTICA_INF_B[[#This Row],[Lanzam.]],0) -> 5 | W10: =IF(BD_ESTADISTICA_INF_B[[#This Row],[POSICION]]="portero",BD_ESTADISTICA_INF_B[[#This Row],[Lanzam.]],0) -> 0
A11: Gerard | B11: 4 | D11: 5 | E11: =IF(BD_ESTADISTICA_INF_B[[#This Row],[Lanzam.]]="","",IF(BD_ESTADISTICA_INF_B[[#This Row],[POSICION]]="jugador",B11/D11,C11/D11)) -> 0.8 | F11: 1 | H11: 1 | L11: 1 | O11: 3 | P11: 3 | Q11: L | R11: H.SANT QUIRZE(L) | S11: =IF(OR(BD_ESTADISTICA_INF_B[[#This Row],[Jugador]]="eudald",BD_ESTADISTICA_INF_B[[#This Row],[Jugador]]="jules",BD_ESTADISTICA_INF_B[[#This Row],[Jugador]]="JAN"),"PORTERO","JUGADOR") -> JUGADOR | T11: =IF(BD_ESTADISTICA_INF_B[[#This Row],[POSICION]]="jugador",BD_ESTADISTICA_INF_B[[#This Row],[Goles]],0) -> 4 | U11: =IF(BD_ESTADISTICA_INF_B[[#This Row],[POSICION]]="portero",BD_ESTADISTICA_INF_B[[#This Row],[Lanzam.]]-BD_ESTADISTICA_INF_B[[#This Row],[Paradas]],0) -> 0 | V11: =IF(BD_ESTADISTICA_INF_B[[#This Row],[POSICION]]="jugador",BD_ESTADISTICA_INF_B[[#This Row],[Lanzam.]],0) -> 5 | W11: =IF(BD_ESTADISTICA_INF_B[[#This Row],[POSICION]]="portero",BD_ESTADISTICA_INF_B[[#This Row],[Lanzam.]],0) -> 0
A12: Marçal | E12: =IF(BD_ESTADISTICA_INF_B[[#This Row],[Lanzam.]]="","",IF(BD_ESTADISTICA_INF_B[[#This Row],[POSICION]]="jugador",B12/D12,C12/D12)) | O12: 3 | P12: 3 | Q12: L | R12: H.SANT QUIRZE(L) | S12: =IF(OR(BD_ESTADISTICA_INF_B[[#This Row],[Jugador]]="eudald",BD_ESTADISTICA_INF_B[[#This Row],[Jugador]]="jules",BD_ESTADISTICA_INF_B[[#This Row],[Jugador]]="JAN"),"PORTERO","JUGADOR") -> JUGADOR | T12: =IF(BD_ESTADISTICA_INF_B[[#This Row],[POSICION]]="jugador",BD_ESTADISTICA_INF_B[[#This Row],[Goles]],0) -> 0 | U12: =IF(BD_ESTADISTICA_INF_B[[#This Row],[POSICION]]="portero",BD_ESTADISTICA_INF_B[[#This Row],[Lanzam.]]-BD_ESTADISTICA_INF_B[[#This Row],[Paradas]],0) -> 0 | V12: =IF(BD_ESTADISTICA_INF_B[[#This Row],[POSICION]]="jugador",BD_ESTADISTICA_INF_B[[#This Row],[Lanzam.]],0) -> 0 | W12: =IF(BD_ESTADISTICA_INF_B[[#This Row],[POSICION]]="portero",BD_ESTADISTICA_INF_B[[#This Row],[Lanzam.]],0) -> 0
A13: Unai | B13: 5 | D13: 5 | E13: =IF(BD_ESTADISTICA_INF_B[[#This Row],[Lanzam.]]="","",IF(BD_ESTADISTICA_INF_B[[#This Row],[POSICION]]="jugador",B13/D13,C13/D13)) -> 1 | F13: 2 | L13: 6 | O13: 3 | P13: 3 | Q13: L | R13: H.SANT QUIRZE(L) | S13: =IF(OR(BD_ESTADISTICA_INF_B[[#This Row],[Jugador]]="eudald",BD_ESTADISTICA_INF_B[[#This Row],[Jugador]]="jules",BD_ESTADISTICA_INF_B[[#This Row],[Jugador]]="JAN"),"PORTERO","JUGADOR") -> JUGADOR | T13: =IF(BD_ESTADISTICA_INF_B[[#This Row],[POSICION]]="jugador",BD_ESTADISTICA_INF_B[[#This Row],[Goles]],0) -> 5 | U13: =IF(BD_ESTADISTICA_INF_B[[#This Row],[POSICION]]="portero",BD_ESTADISTICA_INF_B[[#This Row],[Lanzam.]]-BD_ESTADISTICA_INF_B[[#This Row],[Paradas]],0) -> 0 | V13: =IF(BD_ESTADISTICA_INF_B[[#This Row],[POSICION]]="jugador",BD_ESTADISTICA_INF_B[[#This Row],[Lanzam.]],0) -> 5 | W13: =IF(BD_ESTADISTICA_INF_B[[#This Row],[POSICION]]="portero",BD_ESTADISTICA_INF_B[[#This Row],[Lanzam.]],0) -> 0
A14: Leo | E14: =IF(BD_ESTADISTICA_INF_B[[#This Row],[Lanzam.]]="","",IF(BD_ESTADISTICA_INF_B[[#This Row],[POSICION]]="jugador",B14/D14,C14/D14)) | O14: 3 | P14: 3 | Q14: L | R14: H.SANT QUIRZE(L) | S14: =IF(OR(BD_ESTADISTICA_INF_B[[#This Row],[Jugador]]="eudald",BD_ESTADISTICA_INF_B[[#This Row],[Jugador]]="jules",BD_ESTADISTICA_INF_B[[#This Row],[Jugador]]="JAN"),"PORTERO","JUGADOR") -> JUGADOR | T14: =IF(BD_ESTADISTICA_INF_B[[#This Row],[POSICION]]="jugador",BD_ESTADISTICA_INF_B[[#This Row],[Goles]],0) -> 0 | U14: =IF(BD_ESTADISTICA_INF_B[[#This Row],[POSICION]]="portero",BD_ESTADISTICA_INF_B[[#This Row],[Lanzam.]]-BD_ESTADISTICA_INF_B[[#This Row],[Paradas]],0) -> 0 | V14: =IF(BD_ESTADISTICA_INF_B[[#This Row],[POSICION]]="jugador",BD_ESTADISTICA_INF_B[[#This Row],[Lanzam.]],0) -> 0 | W14: =IF(BD_ESTADISTICA_INF_B[[#This Row],[POSICION]]="portero",BD_ESTADISTICA_INF_B[[#This Row],[Lanzam.]],0) -> 0
A15: A. Estapé | B15: 3 | D15: 3 | E15: =IF(BD_ESTADISTICA_INF_B[[#This Row],[Lanzam.]]="","",IF(BD_ESTADISTICA_INF_B[[#This Row],[POSICION]]="jugador",B15/D15,C15/D15)) -> 1 | F15: 3 | L15: 1 | O15: 3 | P15: 3 | Q15: L | R15: H.SANT QUIRZE(L) | S15: =IF(OR(BD_ESTADISTICA_INF_B[[#This Row],[Jugador]]="eudald",BD_ESTADISTICA_INF_B[[#This Row],[Jugador]]="jules",BD_ESTADISTICA_INF_B[[#This Row],[Jugador]]="JAN"),"PORTERO","JUGADOR") -> JUGADOR | T15: =IF(BD_ESTADISTICA_INF_B[[#This Row],[POSICION]]="jugador",BD_ESTADISTICA_INF_B[[#This Row],[Goles]],0) -> 3 | U15: =IF(BD_ESTADISTICA_INF_B[[#This Row],[POSICION]]="portero",BD_ESTADISTICA_INF_B[[#This Row],[Lanzam.]]-BD_ESTADISTICA_INF_B[[#This Row],[Paradas]],0) -> 0 | V15: =IF(BD_ESTADISTICA_INF_B[[#This Row],[POSICION]]="jugador",BD_ESTADISTICA_INF_B[[#This Row],[Lanzam.]],0) -> 3 | W15: =IF(BD_ESTADISTICA_INF_B[[#This Row],[POSICION]]="portero",BD_ESTADISTICA_INF_B[[#This Row],[Lanzam.]],0) -> 0
A16: Jan | B16: 1 | C16: 1 | D16: 4 | E16: =IF(BD_ESTADISTICA_INF_B[[#This Row],[Lanzam.]]="","",IF(BD_ESTADISTICA_INF_B[[#This Row],[POSICION]]="jugador",B16/D16,C16/D16)) -> 0.25 | O16: 3 | P16: 3 | Q16: L | R16: H.SANT QUIRZE(L) | S16: =IF(OR(BD_ESTADISTICA_INF_B[[#This Row],[Jugador]]="eudald",BD_ESTADISTICA_INF_B[[#This Row],[Jugador]]="jules",BD_ESTADISTICA_INF_B[[#This Row],[Jugador]]="JAN"),"PORTERO","JUGADOR") -> PORTERO | T16: =IF(BD_ESTADISTICA_INF_B[[#This Row],[POSICION]]="jugador",BD_ESTADISTICA_INF_B[[#This Row],[Goles]],0) -> 0 | U16: =IF(BD_ESTADISTICA_INF_B[[#This Row],[POSICION]]="portero",BD_ESTADISTICA_INF_B[[#This Row],[Lanzam.]]-BD_ESTADISTICA_INF_B[[#This Row],[Paradas]],0) -> 3 | V16: =IF(BD_ESTADISTICA_INF_B[[#This Row],[POSICION]]="jugador",BD_ESTADISTICA_INF_B[[#This Row],[Lanzam.]],0) -> 0 | W16: =IF(BD_ESTADISTICA_INF_B[[#This Row],[POSICION]]="portero",BD_ESTADISTICA_INF_B[[#This Row],[Lanzam.]],0) -> 4
A17: Jules | E17: =IF(BD_ESTADISTICA_INF_B[[#This Row],[Lanzam.]]="","",IF(BD_ESTADISTICA_INF_B[[#This Row],[POSICION]]="jugador",B17/D17,C17/D17)) | O17: 3 | P17: 3 | Q17: L | R17: H.SANT QUIRZE(L) | S17: =IF(OR(BD_ESTADISTICA_INF_B[[#This Row],[Jugador]]="eudald",BD_ESTADISTICA_INF_B[[#This Row],[Jugador]]="jules",BD_ESTADISTICA_INF_B[[#This Row],[Jugador]]="JAN"),"PORTERO","JUGADOR") -> PORTERO | T17: =IF(BD_ESTADISTICA_INF_B[[#This Row],[POSICION]]="jugador",BD_ESTADISTICA_INF_B[[#This Row],[Goles]],0) -> 0 | U17: =IF(BD_ESTADISTICA_INF_B[[#This Row],[POSICION]]="portero",BD_ESTADISTICA_INF_B[[#This Row],[Lanzam.]]-BD_ESTADISTICA_INF_B[[#This Row],[Paradas]],0) -> 0 | V17: =IF(BD_ESTADISTICA_INF_B[[#This Row],[POSICION]]="jugador",BD_ESTADISTICA_INF_B[[#This Row],[Lanzam.]],0) -> 0 | W17: =IF(BD_ESTADISTICA_INF_B[[#This Row],[POSICION]]="portero",BD_ESTADISTICA_INF_B[[#This Row],[Lanzam.]],0) -> 0
A18: Eudald | B18: 5 | C18: 5 | D18: 10 | E18: =IF(BD_ESTADISTICA_INF_B[[#This Row],[Lanzam.]]="","",IF(BD_ESTADISTICA_INF_B[[#This Row],[POSICION]]="jugador",B18/D18,C18/D18)) -> 0.5 | F18: 1 | O18: 3 | P18: 3 | Q18: L | R18: H.SANT QUIRZE(L) | S18: =IF(OR(BD_ESTADISTICA_INF_B[[#This Row],[Jugador]]="eudald",BD_ESTADISTICA_INF_B[[#This Row],[Jugador]]="jules",BD_ESTADISTICA_INF_B[[#This Row],[Jugador]]="JAN"),"PORTERO","JUGADOR") -> PORTERO | T18: =IF(BD_ESTADISTICA_INF_B[[#This Row],[POSICION]]="jugador",BD_ESTADISTICA_INF_B[[#This Row],[Goles]],0) -> 0 | U18: =IF(BD_ESTADISTICA_INF_B[[#This Row],[POSICION]]="portero",BD_ESTADISTICA_INF_B[[#This Row],[Lanzam.]]-BD_ESTADISTICA_INF_B[[#This Row],[Paradas]],0) -> 5 | V18: =IF(BD_ESTADISTICA_INF_B[[#This Row],[POSICION]]="jugador",BD_ESTADISTICA_INF_B[[#This Row],[Lanzam.]],0) -> 0 | W18: =IF(BD_ESTADISTICA_INF_B[[#This Row],[POSICION]]="portero",BD_ESTADISTICA_INF_B[[#This Row],[Lanzam.]],0) -> 10
A19: David | B19: 5 | D19: 5 | E19: =IF(BD_ESTADISTICA_INF_B[[#This Row],[Lanzam.]]="","",IF(BD_ESTADISTICA_INF_B[[#This Row],[POSICION]]="jugador",B19/D19,C19/D19)) -> 1 | G19: 1 | J19: 1 | O19: 3 | P19: 3 | Q19: L | R19: H.SANT QUIRZE(L) | S19: =IF(OR(BD_ESTADISTICA_INF_B[[#This Row],[Jugador]]="eudald",BD_ESTADISTICA_INF_B[[#This Row],[Jugador]]="jules",BD_ESTADISTICA_INF_B[[#This Row],[Jugador]]="JAN"),"PORTERO","JUGADOR") -> JUGADOR | T19: =IF(BD_ESTADISTICA_INF_B[[#This Row],[POSICION]]="jugador",BD_ESTADISTICA_INF_B[[#This Row],[Goles]],0) -> 5 | U19: =IF(BD_ESTADISTICA_INF_B[[#This Row],[POSICION]]="portero",BD_ESTADISTICA_INF_B[[#This Row],[Lanzam.]]-BD_ESTADISTICA_INF_B[[#This Row],[Paradas]],0) -> 0 | V19: =IF(BD_ESTADISTICA_INF_B[[#This Row],[POSICION]]="jugador",BD_ESTADISTICA_INF_B[[#This Row],[Lanzam.]],0) -> 5 | W19: =IF(BD_ESTADISTICA_INF_B[[#This Row],[POSICION]]="portero",BD_ESTADISTICA_INF_B[[#This Row],[Lanzam.]],0) -> 0
A20: Maxim | E20: =IF(BD_ESTADISTICA_INF_B[[#This Row],[Lanzam.]]="","",IF(BD_ESTADISTICA_INF_B[[#This Row],[POSICION]]="jugador",B20/D20,C20/D20)) | O20: 3 | P20: 3 | Q20: L | R20: H.SANT QUIRZE(L) | S20: =IF(OR(BD_ESTADISTICA_INF_B[[#This Row],[Jugador]]="eudald",BD_ESTADISTICA_INF_B[[#This Row],[Jugador]]="jules",BD_ESTADISTICA_INF_B[[#This Row],[Jugador]]="JAN"),"PORTERO","JUGADOR") -> JUGADOR | T20: =IF(BD_ESTADISTICA_INF_B[[#This Row],[POSICION]]="jugador",BD_ESTADISTICA_INF_B[[#This Row],[Goles]],0) -> 0 | U20: =IF(BD_ESTADISTICA_INF_B[[#This Row],[POSICION]]="portero",BD_ESTADISTICA_INF_B[[#This Row],[Lanzam.]]-BD_ESTADISTICA_INF_B[[#This Row],[Paradas]],0) -> 0 | V20: =IF(BD_ESTADISTICA_INF_B[[#This Row],[POSICION]]="jugador",BD_ESTADISTICA_INF_B[[#This Row],[Lanzam.]],0) -> 0 | W20: =IF(BD_ESTADISTICA_INF_B[[#This Row],[POSICION]]="portero",BD_ESTADISTICA_INF_B[[#This Row],[Lanzam.]],0) -> 0
A21: Adai | B21: 9 | D21: 9 | E21: =IF(BD_ESTADISTICA_INF_B[[#This Row],[Lanzam.]]="","",IF(BD_ESTADISTICA_INF_B[[#This Row],[POSICION]]="jugador",B21/D21,C21/D21)) -> 1 | F21: 2 | G21: 1 | L21: 3 | M21: 1 | O21: 4 | P21: 3 | Q21: V | R21: VIROLAI (V) | S21: =IF(OR(BD_ESTADISTICA_INF_B[[#This Row],[Jugador]]="eudald",BD_ESTADISTICA_INF_B[[#This Row],[Jugador]]="jules",BD_ESTADISTICA_INF_B[[#This Row],[Jugador]]="JAN"),"PORTERO","JUGADOR") -> JUGADOR | T21: =IF(BD_ESTADISTICA_INF_B[[#This Row],[POSICION]]="jugador",BD_ESTADISTICA_INF_B[[#This Row],[Goles]],0) -> 9 | U21: =IF(BD_ESTADISTICA_INF_B[[#This Row],[POSICION]]="portero",BD_ESTADISTICA_INF_B[[#This Row],[Lanzam.]]-BD_ESTADISTICA_INF_B[[#This Row],[Paradas]],0) -> 0 | V21: =IF(BD_ESTADISTICA_INF_B[[#This Row],[POSICION]]="jugador",BD_ESTADISTICA_INF_B[[#This Row],[Lanzam.]],0) -> 9 | W21: =IF(BD_ESTADISTICA_INF_B[[#This Row],[POSICION]]="portero",BD_ESTADISTICA_INF_B[[#This Row],[Lanzam.]],0) -> 0
A22: Albert | B22: 5 | D22: 5 | E22: =IF(BD_ESTADISTICA_INF_B[[#This Row],[Lanzam.]]="","",IF(BD_ESTADISTICA_INF_B[[#This Row],[POSICION]]="jugador",B22/D22,C22/D22)) -> 1 | G22: 1 | L22: 1 | O22: 4 | P22: 3 | Q22: V | R22: VIROLAI (V) | S22: =IF(OR(BD_ESTADISTICA_INF_B[[#This Row],[Jugador]]="eudald",BD_ESTADISTICA_INF_B[[#This Row],[Jugador]]="jules",BD_ESTADISTICA_INF_B[[#This Row],[Jugador]]="JAN"),"PORTERO","JUGADOR") -> JUGADOR | T22: =IF(BD_ESTADISTICA_INF_B[[#This Row],[POSICION]]="jugador",BD_ESTADISTICA_INF_B[[#This Row],[Goles]],0) -> 5 | U22: =IF(BD_ESTADISTICA_INF_B[[#This Row],[POSICION]]="portero",BD_ESTADISTICA_INF_B[[#This Row],[Lanzam.]]-BD_ESTADISTICA_INF_B[[#This Row],[Paradas]],0) -> 0 | V22: =IF(BD_ESTADISTICA_INF_B[[#This Row],[POSICION]]="jugador",BD_ESTADISTICA_INF_B[[#This Row],[Lanzam.]],0) -> 5 | W22: =IF(BD_ESTADISTICA_INF_B[[#This Row],[POSICION]]="portero",BD_ESTADISTICA_INF_B[[#This Row],[Lanzam.]],0) -> 0
A23: A. Espeso | E23: =IF(BD_ESTADISTICA_INF_B[[#This Row],[Lanzam.]]="","",IF(BD_ESTADISTICA_INF_B[[#This Row],[POSICION]]="jugador",B23/D23,C23/D23)) | F23: 6 | H23: 1 | N23: 1 | O23: 4 | P23: 3 | Q23: V | R23: VIROLAI (V) | S23: =IF(OR(BD_ESTADISTICA_INF_B[[#This Row],[Jugador]]="eudald",BD_ESTADISTICA_INF_B[[#This Row],[Jugador]]="jules",BD_ESTADISTICA_INF_B[[#This Row],[Jugador]]="JAN"),"PORTERO","JUGADOR") -> JUGADOR | T23: =IF(BD_ESTADISTICA_INF_B[[#This Row],[POSICION]]="jugador",BD_ESTADISTICA_INF_B[[#This Row],[Goles]],0) -> 0 | U23: =IF(BD_ESTADISTICA_INF_B[[#This Row],[POSICION]]="portero",BD_ESTADISTICA_INF_B[[#This Row],[Lanzam.]]-BD_ESTADISTICA_INF_B[[#This Row],[Paradas]],0) -> 0 | V23: =IF(BD_ESTADISTICA_INF_B[[#This Row],[POSICION]]="jugador",BD_ESTADISTICA_INF_B[[#This Row],[Lanzam.]],0) -> 0 | W23: =IF(BD_ESTADISTICA_INF_B[[#This Row],[POSICION]]="portero",BD_ESTADISTICA_INF_B[[#This Row],[Lanzam.]],0) -> 0
A24: Manel | E24: =IF(BD_ESTADISTICA_INF_B[[#This Row],[Lanzam.]]="","",IF(BD_ESTADISTICA_INF_B[[#This Row],[POSICION]]="jugador",B24/D24,C24/D24)) | O24: 4 | P24: 3 | Q24: V | R24: VIROLAI (V) | S24: =IF(OR(BD_ESTADISTICA_INF_B[[#This Row],[Jugador]]="eudald",BD_ESTADISTICA_INF_B[[#This Row],[Jugador]]="jules",BD_ESTADISTICA_INF_B[[#This Row],[Jugador]]="JAN"),"PORTERO","JUGADOR") -> JUGADOR | T24: =IF(BD_ESTADISTICA_INF_B[[#This Row],[POSICION]]="jugador",BD_ESTADISTICA_INF_B[[#This Row],[Goles]],0) -> 0 | U24: =IF(BD_ESTADISTICA_INF_B[[#This Row],[POSICION]]="portero",BD_ESTADISTICA_INF_B[[#This Row],[Lanzam.]]-BD_ESTADISTICA_INF_B[[#This Row],[Paradas]],0) -> 0 | V24: =IF(BD_ESTADISTICA_INF_B[[#This Row],[POSICION]]="jugador",BD_ESTADISTICA_INF_B[[#This Row],[Lanzam.]],0) -> 0 | W24: =IF(BD_ESTADISTICA_INF_B[[#This Row],[POSICION]]="portero",BD_ESTADISTICA_INF_B[[#This Row],[Lanzam.]],0) -> 0
A25: Jordi | B25: 2 | D25: 2 | E25: =IF(BD_ESTADISTICA_INF_B[[#This Row],[Lanzam.]]="","",IF(BD_ESTADISTICA_INF_B[[#This Row],[POSICION]]="jugador",B25/D25,C25/D25)) -> 1 | F25: 3 | G25: 1 | H25: 1 | O25: 4 | P25: 3 | Q25: V | R25: VIROLAI (V) | S25: =IF(OR(BD_ESTADISTICA_INF_B[[#This Row],[Jugador]]="eudald",BD_ESTADISTICA_INF_B[[#This Row],[Jugador]]="jules",BD_ESTADISTICA_INF_B[[#This Row],[Jugador]]="JAN"),"PORTERO","JUGADOR") -> JUGADOR | T25: =IF(BD_ESTADISTICA_INF_B[[#This Row],[POSICION]]="jugador",BD_ESTADISTICA_INF_B[[#This Row],[Goles]],0) -> 2 | U25: =IF(BD_ESTADISTICA_INF_B[[#This Row],[POSICION]]="portero",BD_ESTADISTICA_INF_B[[#This Row],[Lanzam.]]-BD_ESTADISTICA_INF_B[[#This Row],[Paradas]],0) -> 0 | V25: =IF(BD_ESTADISTICA_INF_B[[#This Row],[POSICION]]="jugador",BD_ESTADISTICA_INF_B[[#This Row],[Lanzam.]],0) -> 2 | W25: =IF(BD_ESTADISTICA_INF_B[[#This Row],[POSICION]]="portero",BD_ESTADISTICA_INF_B[[#This Row],[Lanzam.]],0) -> 0
A26: Roger | B26: 4 | D26: 5 | E26: =IF(BD_ESTADISTICA_INF_B[[#This Row],[Lanzam.]]="","",IF(BD_ESTADISTICA_INF_B[[#This Row],[POSICION]]="jugador",B26/D26,C26/D26)) -> 0.8 | F26: 1 | L26: 3 | O26: 4 | P26: 3 | Q26: V | R26: VIROLAI (V) | S26: =IF(OR(BD_ESTADISTICA_INF_B[[#This Row],[Jugador]]="eudald",BD_ESTADISTICA_INF_B[[#This Row],[Jugador]]="jules",BD_ESTADISTICA_INF_B[[#This Row],[Jugador]]="JAN"),"PORTERO","JUGADOR") -> JUGADOR | T26: =IF(BD_ESTADISTICA_INF_B[[#This Row],[POSICION]]="jugador",BD_ESTADISTICA_INF_B[[#This Row],[Goles]],0) -> 4 | U26: =IF(BD_ESTADISTICA_INF_B[[#This Row],[POSICION]]="portero",BD_ESTADISTICA_INF_B[[#This Row],[Lanzam.]]-BD_ESTADISTICA_INF_B[[#This Row],[Paradas]],0) -> 0 | V26: =IF(BD_ESTADISTICA_INF_B[[#This Row],[POSICION]]="jugador",BD_ESTADISTICA_INF_B[[#This Row],[Lanzam.]],0) -> 5 | W26: =IF(BD_ESTADISTICA_INF_B[[#This Row],[POSICION]]="portero",BD_ESTADISTICA_INF_B[[#This Row],[Lanzam.]],0) -> 0
A27: Martí | B27: 3 | D27: 3 | E27: =IF(BD_ESTADISTICA_INF_B[[#This Row],[Lanzam.]]="","",IF(BD_ESTADISTICA_INF_B[[#This Row],[POSICION]]="jugador",B27/D27,C27/D27)) -> 1 | F27: 3 | G27: 1 | O27: 4 | P27: 3 | Q27: V | R27: VIROLAI (V) | S27: =IF(OR(BD_ESTADISTICA_INF_B[[#This Row],[Jugador]]="eudald",BD_ESTADISTICA_INF_B[[#This Row],[Jugador]]="jules",BD_ESTADISTICA_INF_B[[#This Row],[Jugador]]="JAN"),"PORTERO","JUGADOR") -> JUGADOR | T27: =IF(BD_ESTADISTICA_INF_B[[#This Row],[POSICION]]="jugador",BD_ESTADISTICA_INF_B[[#This Row],[Goles]],0) -> 3 | U27: =IF(BD_ESTADISTICA_INF_B[[#This Row],[POSICION]]="portero",BD_ESTADISTICA_INF_B[[#This Row],[Lanzam.]]-BD_ESTADISTICA_INF_B[[#This Row],[Paradas]],0) -> 0 | V27: =IF(BD_ESTADISTICA_INF_B[[#This Row],[POSICION]]="jugador",BD_ESTADISTICA_INF_B[[#This Row],[Lanzam.]],0) -> 3 | W27: =IF(BD_ESTADISTICA_INF_B[[#This Row],[POSICION]]="portero",BD_ESTADISTICA_INF_B[[#This Row],[Lanzam.]],0) -> 0
A28: Biel | B28: 5 | D28: 6 | E28: =IF(BD_ESTADISTICA_INF_B[[#This Row],[Lanzam.]]="","",IF(BD_ESTADISTICA_INF_B[[#This Row],[POSICION]]="jugador",B28/D28,C28/D28)) -> 0.83333333 | L28: 3 | O28: 4 | P28: 3 | Q28: V | R28: VIROLAI (V) | S28: =IF(OR(BD_ESTADISTICA_INF_B[[#This Row],[Jugador]]="eudald",BD_ESTADISTICA_INF_B[[#This Row],[Jugador]]="jules",BD_ESTADISTICA_INF_B[[#This Row],[Jugador]]="JAN"),"PORTERO","JUGADOR") -> JUGADOR | T28: =IF(BD_ESTADISTICA_INF_B[[#This Row],[POSICION]]="jugador",BD_ESTADISTICA_INF_B[[#This Row],[Goles]],0) -> 5 | U28: =IF(BD_ESTADISTICA_INF_B[[#This Row],[POSICION]]="portero",BD_ESTADISTICA_INF_B[[#This Row],[Lanzam.]]-BD_ESTADISTICA_INF_B[[#This Row],[Paradas]],0) -> 0 | V28: =IF(BD_ESTADISTICA_INF_B[[#This Row],[POSICION]]="jugador",BD_ESTADISTICA_INF_B[[#This Row],[Lanzam.]],0) -> 6 | W28: =IF(BD_ESTADISTICA_INF_B[[#This Row],[POSICION]]="portero",BD_ESTADISTICA_INF_B[[#This Row],[Lanzam.]],0) -> 0
A29: Joan Pau | B29: 5 | D29: 5 | E29: =IF(BD_ESTADISTICA_INF_B[[#This Row],[Lanzam.]]="","",IF(BD_ESTADISTICA_INF_B[[#This Row],[POSICION]]="jugador",B29/D29,C29/D29)) -> 1 | F29: 1 | L29: 1 | O29: 4 | P29: 3 | Q29: V | R29: VIROLAI (V) | S29: =IF(OR(BD_ESTADISTICA_INF_B[[#This Row],[Jugador]]="eudald",BD_ESTADISTICA_INF_B[[#This Row],[Jugador]]="jules",BD_ESTADISTICA_INF_B[[#This Row],[Jugador]]="JAN"),"PORTERO","JUGADOR") -> JUGADOR | T29: =IF(BD_ESTADISTICA_INF_B[[#This Row],[POSICION]]="jugador",BD_ESTADISTICA_INF_B[[#This Row],[Goles]],0) -> 5 | U29: =IF(BD_ESTADISTICA_INF_B[[#This Row],[POSICION]]="portero",BD_ESTADISTICA_INF_B[[#This Row],[Lanzam.]]-BD_ESTADISTICA_INF_B[[#This Row],[Paradas]],0) -> 0 | V29: =IF(BD_ESTADISTICA_INF_B[[#This Row],[POSICION]]="jugador",BD_ESTADISTICA_INF_B[[#This Row],[Lanzam.]],0) -> 5 | W29: =IF(BD_ESTADISTICA_INF_B[[#This Row],[POSICION]]="portero",BD_ESTADISTICA_INF_B[[#This Row],[Lanzam.]],0) -> 0
A30: Gerard | E30: =IF(BD_ESTADISTICA_INF_B[[#This Row],[Lanzam.]]="","",IF(BD_ESTADISTICA_INF_B[[#This Row],[POSICION]]="jugador",B30/D30,C30/D30)) | G30: 1 | O30: 4 | P30: 3 | Q30: V | R30: VIROLAI (V) | S30: =IF(OR(BD_ESTADISTICA_INF_B[[#This Row],[Jugador]]="eudald",BD_ESTADISTICA_INF_B[[#This Row],[Jugador]]="jules",BD_ESTADISTICA_INF_B[[#This Row],[Jugador]]="JAN"),"PORTERO","JUGADOR") -> JUGADOR | T30: =IF(BD_ESTADISTICA_INF_B[[#This Row],[POSICION]]="jugador",BD_ESTADISTICA_INF_B[[#This Row],[Goles]],0) -> 0 | U30: =IF(BD_ESTADISTICA_INF_B[[#This Row],[POSICION]]="portero",BD_ESTADISTICA_INF_B[[#This Row],[Lanzam.]]-BD_ESTADISTICA_INF_B[[#This Row],[Paradas]],0) -> 0 | V30: =IF(BD_ESTADISTICA_INF_B[[#This Row],[POSICION]]="jugador",BD_ESTADISTICA_INF_B[[#This Row],[Lanzam.]],0) -> 0 | W30: =IF(BD_ESTADISTICA_INF_B[[#This Row],[POSICION]]="portero",BD_ESTADISTICA_INF_B[[#This Row],[Lanzam.]],0) -> 0
A31: Marçal | B31: 2 | D31: 3 | E31: =IF(BD_ESTADISTICA_INF_B[[#This Row],[Lanzam.]]="","",IF(BD_ESTADISTICA_INF_B[[#This Row],[POSICION]]="jugador",B31/D31,C31/D31)) -> 0.66666667 | F31: 4 | H31: 3 | L31: 2 | O31: 4 | P31: 3 | Q31: V | R31: VIROLAI (V) | S31: =IF(OR(BD_ESTADISTICA_INF_B[[#This Row],[Jugador]]="eudald",BD_ESTADISTICA_INF_B[[#This Row],[Jugador]]="jules",BD_ESTADISTICA_INF_B[[#This Row],[Jugador]]="JAN"),"PORTERO","JUGADOR") -> JUGADOR | T31: =IF(BD_ESTADISTICA_INF_B[[#This Row],[POSICION]]="jugador",BD_ESTADISTICA_INF_B[[#This Row],[Goles]],0) -> 2 | U31: =IF(BD_ESTADISTICA_INF_B[[#This Row],[POSICION]]="portero",BD_ESTADISTICA_INF_B[[#This Row],[Lanzam.]]-BD_ESTADISTICA_INF_B[[#This Row],[Paradas]],0) -> 0 | V31: =IF(BD_ESTADISTICA_INF_B[[#This Row],[POSICION]]="jugador",BD_ESTADISTICA_INF_B[[#This Row],[Lanzam.]],0) -> 3 | W31: =IF(BD_ESTADISTICA_INF_B[[#This Row],[POSICION]]="portero",BD_ESTADISTICA_INF_B[[#This Row],[Lanzam.]],0) -> 0
A32: Unai | E32: =IF(BD_ESTADISTICA_INF_B[[#This Row],[Lanzam.]]="","",IF(BD_ESTADISTICA_INF_B[[#This Row],[POSICION]]="jugador",B32/D32,C32/D32)) | O32: 4 | P32: 3 | Q32: V | R32: VIROLAI (V) | S32: =IF(OR(BD_ESTADISTICA_INF_B[[#This Row],[Jugador]]="eudald",BD_ESTADISTICA_INF_B[[#This Row],[Jugador]]="jules",BD_ESTADISTICA_INF_B[[#This Row],[Jugador]]="JAN"),"PORTERO","JUGADOR") -> JUGADOR | T32: =IF(BD_ESTADISTICA_INF_B[[#This Row],[POSICION]]="jugador",BD_ESTADISTICA_INF_B[[#This Row],[Goles]],0) -> 0 | U32: =IF(BD_ESTADISTICA_INF_B[[#This Row],[POSICION]]="portero",BD_ESTADISTICA_INF_B[[#This Row],[Lanzam.]]-BD_ESTADISTICA_INF_B[[#This Row],[Paradas]],0) -> 0 | V32: =IF(BD_ESTADISTICA_INF_B[[#This Row],[POSICION]]="jugador",BD_ESTADISTICA_INF_B[[#This Row],[Lanzam.]],0) -> 0 | W32: =IF(BD_ESTADISTICA_INF_B[[#This Row],[POSICION]]="portero",BD_ESTADISTICA_INF_B[[#This Row],[Lanzam.]],0) -> 0
A33: Leo | B33: 11 | D33: 12 | E33: =IF(BD_ESTADISTICA_INF_B[[#This Row],[Lanzam.]]="","",IF(BD_ESTADISTICA_INF_B[[#This Row],[POSICION]]="jugador",B33/D33,C33/D33)) -> 0.91666667 | F33: 1 | L33: 6 | M33: 1 | N33: 1 | O33: 4 | P33: 3 | Q33: V | R33: VIROLAI (V) | S33: =IF(OR(BD_ESTADISTICA_INF_B[[#This Row],[Jugador]]="eudald",BD_ESTADISTICA_INF_B[[#This Row],[Jugador]]="jules",BD_ESTADISTICA_INF_B[[#This Row],[Jugador]]="JAN"),"PORTERO","JUGADOR") -> JUGADOR | T33: =IF(BD_ESTADISTICA_INF_B[[#This Row],[POSICION]]="jugador",BD_ESTADISTICA_INF_B[[#This Row],[Goles]],0) -> 11 | U33: =IF(BD_ESTADISTICA_INF_B[[#This Row],[POSICION]]="portero",BD_ESTADISTICA_INF_B[[#This Row],[Lanzam.]]-BD_ESTADISTICA_INF_B[[#This Row],[Paradas]],0) -> 0 | V33: =IF(BD_ESTADISTICA_INF_B[[#This Row],[POSICION]]="jugador",BD_ESTADISTICA_INF_B[[#This Row],[Lanzam.]],0) -> 12 | W33: =IF(BD_ESTADISTICA_INF_B[[#This Row],[POSICION]]="portero",BD_ESTADISTICA_INF_B[[#This Row],[Lanzam.]],0) -> 0
A34: A. Estapé | B34: 1 | D34: 2 | E34: =IF(BD_ESTADISTICA_INF_B[[#This Row],[Lanzam.]]="","",IF(BD_ESTADISTICA_INF_B[[#This Row],[POSICION]]="jugador",B34/D34,C34/D34)) -> 0.5 | F34: 4 | L34: 2 | O34: 4 | P34: 3 | Q34: V | R34: VIROLAI (V) | S34: =IF(OR(BD_ESTADISTICA_INF_B[[#This Row],[Jugador]]="eudald",BD_ESTADISTICA_INF_B[[#This Row],[Jugador]]="jules",BD_ESTADISTICA_INF_B[[#This Row],[Jugador]]="JAN"),"PORTERO","JUGADOR") -> JUGADOR | T34: =IF(BD_ESTADISTICA_INF_B[[#This Row],[POSICION]]="jugador",BD_ESTADISTICA_INF_B[[#This Row],[Goles]],0) -> 1 | U34: =IF(BD_ESTADISTICA_INF_B[[#This Row],[POSICION]]="portero",BD_ESTADISTICA_INF_B[[#This Row],[Lanzam.]]-BD_ESTADISTICA_INF_B[[#This Row],[Paradas]],0) -> 0 | V34: =IF(BD_ESTADISTICA_INF_B[[#This Row],[POSICION]]="jugador",BD_ESTADISTICA_INF_B[[#This Row],[Lanzam.]],0) -> 2 | W34: =IF(BD_ESTADISTICA_INF_B[[#This Row],[POSICION]]="portero",BD_ESTADISTICA_INF_B[[#This Row],[Lanzam.]],0) -> 0
A35: Jan | E35: =IF(BD_ESTADISTICA_INF_B[[#This Row],[Lanzam.]]="","",IF(BD_ESTADISTICA_INF_B[[#This Row],[POSICION]]="jugador",B35/D35,C35/D35)) | O35: 4 | P35: 3 | Q35: V | R35: VIROLAI (V) | S35: =IF(OR(BD_ESTADISTICA_INF_B[[#This Row],[Jugador]]="eudald",BD_ESTADISTICA_INF_B[[#This Row],[Jugador]]="jules",BD_ESTADISTICA_INF_B[[#This Row],[Jugador]]="JAN"),"PORTERO","JUGADOR") -> PORTERO | T35: =IF(BD_ESTADISTICA_INF_B[[#This Row],[POSICION]]="jugador",BD_ESTADISTICA_INF_B[[#This Row],[Goles]],0) -> 0 | U35: =IF(BD_ESTADISTICA_INF_B[[#This Row],[POSICION]]="portero",BD_ESTADISTICA_INF_B[[#This Row],[Lanzam.]]-BD_ESTADISTICA_INF_B[[#This Row],[Paradas]],0) -> 0 | V35: =IF(BD_ESTADISTICA_INF_B[[#This Row],[POSICION]]="jugador",BD_ESTADISTICA_INF_B[[#This Row],[Lanzam.]],0) -> 0 | W35: =IF(BD_ESTADISTICA_INF_B[[#This Row],[POSICION]]="portero",BD_ESTADISTICA_INF_B[[#This Row],[Lanzam.]],0) -> 0
A36: Jules | B36: 6 | C36: 6 | D36: 14 | E36: =IF(BD_ESTADISTICA_INF_B[[#This Row],[Lanzam.]]="","",IF(BD_ESTADISTICA_INF_B[[#This Row],[POSICION]]="jugador",B36/D36,C36/D36)) -> 0.42857143 | O36: 4 | P36: 3 | Q36: V | R36: VIROLAI (V) | S36: =IF(OR(BD_ESTADISTICA_INF_B[[#This Row],[Jugador]]="eudald",BD_ESTADISTICA_INF_B[[#This Row],[Jugador]]="jules",BD_ESTADISTICA_INF_B[[#This Row],[Jugador]]="JAN"),"PORTERO","JUGADOR") -> PORTERO | T36: =IF(BD_ESTADISTICA_INF_B[[#This Row],[POSICION]]="jugador",BD_ESTADISTICA_INF_B[[#This Row],[Goles]],0) -> 0 | U36: =IF(BD_ESTADISTICA_INF_B[[#This Row],[POSICION]]="portero",BD_ESTADISTICA_INF_B[[#This Row],[Lanzam.]]-BD_ESTADISTICA_INF_B[[#This Row],[Paradas]],0) -> 8 | V36: =IF(BD_ESTADISTICA_INF_B[[#This Row],[POSICION]]="jugador",BD_ESTADISTICA_INF_B[[#This Row],[Lanzam.]],0) -> 0 | W36: =IF(BD_ESTADISTICA_INF_B[[#This Row],[POSICION]]="portero",BD_ESTADISTICA_INF_B[[#This Row],[Lanzam.]],0) -> 14
A37: Eudald | B37: 5 | C37: 5 | D37: 11 | E37: =IF(BD_ESTADISTICA_INF_B[[#This Row],[Lanzam.]]="","",IF(BD_ESTADISTICA_INF_B[[#This Row],[POSICION]]="jugador",B37/D37,C37/D37)) -> 0.45454545 | O37: 4 | P37: 3 | Q37: V | R37: VIROLAI (V) | S37: =IF(OR(BD_ESTADISTICA_INF_B[[#This Row],[Jugador]]="eudald",BD_ESTADISTICA_INF_B[[#This Row],[Jugador]]="jules",BD_ESTADISTICA_INF_B[[#This Row],[Jugador]]="JAN"),"PORTERO","JUGADOR") -> PORTERO | T37: =IF(BD_ESTADISTICA_INF_B[[#This Row],[POSICION]]="jugador",BD_ESTADISTICA_INF_B[[#This Row],[Goles]],0) -> 0 | U37: =IF(BD_ESTADISTICA_INF_B[[#This Row],[POSICION]]="portero",BD_ESTADISTICA_INF_B[[#This Row],[Lanzam.]]-BD_ESTADISTICA_INF_B[[#This Row],[Paradas]],0) -> 6 | V37: =IF(BD_ESTADISTICA_INF_B[[#This Row],[POSICION]]="jugador",BD_ESTADISTICA_INF_B[[#This Row],[Lanzam.]],0) -> 0 | W37: =IF(BD_ESTADISTICA_INF_B[[#This Row],[POSICION]]="portero",BD_ESTADISTICA_INF_B[[#This Row],[Lanzam.]],0) -> 11
A38: David | B38: 2 | D38: 3 | E38: =IF(BD_ESTADISTICA_INF_B[[#This Row],[Lanzam.]]="","",IF(BD_ESTADISTICA_INF_B[[#This Row],[POSICION]]="jugador",B38/D38,C38/D38)) -> 0.66666667 | L38: 2 | O38: 4 | P38: 3 | Q38: V | R38: VIROLAI (V) | S38: =IF(OR(BD_ESTADISTICA_INF_B[[#This Row],[Jugador]]="eudald",BD_ESTADISTICA_INF_B[[#This Row],[Jugador]]="jules",BD_ESTADISTICA_INF_B[[#This Row],[Jugador]]="JAN"),"PORTERO","JUGADOR") -> JUGADOR | T38: =IF(BD_ESTADISTICA_INF_B[[#This Row],[POSICION]]="jugador",BD_ESTADISTICA_INF_B[[#This Row],[Goles]],0) -> 2 | U38: =IF(BD_ESTADISTICA_INF_B[[#This Row],[POSICION]]="portero",BD_ESTADISTICA_INF_B[[#This Row],[Lanzam.]]-BD_ESTADISTICA_INF_B[[#This Row],[Paradas]],0) -> 0 | V38: =IF(BD_ESTADISTICA_INF_B[[#This Row],[POSICION]]="jugador",BD_ESTADISTICA_INF_B[[#This Row],[Lanzam.]],0) -> 3 | W38: =IF(BD_ESTADISTICA_INF_B[[#This Row],[POSICION]]="portero",BD_ESTADISTICA_INF_B[[#This Row],[Lanzam.]],0) -> 0
A39: Maxim | E39: =IF(BD_ESTADISTICA_INF_B[[#This Row],[Lanzam.]]="","",IF(BD_ESTADISTICA_INF_B[[#This Row],[POSICION]]="jugador",B39/D39,C39/D39)) | O39: 4 | P39: 3 | Q39: V | R39: VIROLAI (V) | S39: =IF(OR(BD_ESTADISTICA_INF_B[[#This Row],[Jugador]]="eudald",BD_ESTADISTICA_INF_B[[#This Row],[Jugador]]="jules",BD_ESTADISTICA_INF_B[[#This Row],[Jugador]]="JAN"),"PORTERO","JUGADOR") -> JUGADOR | T39: =IF(BD_ESTADISTICA_INF_B[[#This Row],[POSICION]]="jugador",BD_ESTADISTICA_INF_B[[#This Row],[Goles]],0) -> 0 | U39: =IF(BD_ESTADISTICA_INF_B[[#This Row],[POSICION]]="portero",BD_ESTADISTICA_INF_B[[#This Row],[Lanzam.]]-BD_ESTADISTICA_INF_B[[#This Row],[Paradas]],0) -> 0 | V39: =IF(BD_ESTADISTICA_INF_B[[#This Row],[POSICION]]="jugador",BD_ESTADISTICA_INF_B[[#This Row],[Lanzam.]],0) -> 0 | W39: =IF(BD_ESTADISTICA_INF_B[[#This Row],[POSICION]]="portero",BD_ESTADISTICA_INF_B[[#This Row],[Lanzam.]],0) -> 0
A40: Adai | B40: 1 | D40: 2 | E40: =IF(BD_ESTADISTICA_INF_B[[#This Row],[Lanzam.]]="","",IF(BD_ESTADISTICA_INF_B[[#This Row],[POSICION]]="jugador",B40/D40,C40/D40)) -> 0.5 | F40: 1 | H40: 2 | N40: 1 | O40: 1 | P40: 3 | Q40: L | R40: CH PALAUTORDERA (L) | S40: =IF(OR(BD_ESTADISTICA_INF_B[[#This Row],[Jugador]]="eudald",BD_ESTADISTICA_INF_B[[#This Row],[Jugador]]="jules",BD_ESTADISTICA_INF_B[[#This Row],[Jugador]]="JAN"),"PORTERO","JUGADOR") -> JUGADOR | T40: =IF(BD_ESTADISTICA_INF_B[[#This Row],[POSICION]]="jugador",BD_ESTADISTICA_INF_B[[#This Row],[Goles]],0) -> 1 | U40: =IF(BD_ESTADISTICA_INF_B[[#This Row],[POSICION]]="portero",BD_ESTADISTICA_INF_B[[#This Row],[Lanzam.]]-BD_ESTADISTICA_INF_B[[#This Row],[Paradas]],0) -> 0 | V40: =IF(BD_ESTADISTICA_INF_B[[#This Row],[POSICION]]="jugador",BD_ESTADISTICA_INF_B[[#This Row],[Lanzam.]],0) -> 2 | W40: =IF(BD_ESTADISTICA_INF_B[[#This Row],[POSICION]]="portero",BD_ESTADISTICA_INF_B[[#This Row],[Lanzam.]],0) -> 0
A41: Albert | B41: 4 | D41: 5 | E41: =IF(BD_ESTADISTICA_INF_B[[#This Row],[Lanzam.]]="","",IF(BD_ESTADISTICA_INF_B[[#This Row],[POSICION]]="jugador",B41/D41,C41/D41)) -> 0.8 | F41: 1 | G41: 1 | H41: 2 | O41: 1 | P41: 3 | Q41: L | R41: CH PALAUTORDERA (L) | S41: =IF(OR(BD_ESTADISTICA_INF_B[[#This Row],[Jugador]]="eudald",BD_ESTADISTICA_INF_B[[#This Row],[Jugador]]="jules",BD_ESTADISTICA_INF_B[[#This Row],[Jugador]]="JAN"),"PORTERO","JUGADOR") -> JUGADOR | T41: =IF(BD_ESTADISTICA_INF_B[[#This Row],[POSICION]]="jugador",BD_ESTADISTICA_INF_B[[#This Row],[Goles]],0) -> 4 | U41: =IF(BD_ESTADISTICA_INF_B[[#This Row],[POSICION]]="portero",BD_ESTADISTICA_INF_B[[#This Row],[Lanzam.]]-BD_ESTADISTICA_INF_B[[#This Row],[Paradas]],0) -> 0 | V41: =IF(BD_ESTADISTICA_INF_B[[#This Row],[POSICION]]="jugador",BD_ESTADISTICA_INF_B[[#This Row],[Lanzam.]],0) -> 5 | W41: =IF(BD_ESTADISTICA_INF_B[[#This Row],[POSICION]]="portero",BD_ESTADISTICA_INF_B[[#This Row],[Lanzam.]],0) -> 0
A42: A. Espeso | B42: 1 | D42: 1 | E42: =IF(BD_ESTADISTICA_INF_B[[#This Row],[Lanzam.]]="","",IF(BD_ESTADISTICA_INF_B[[#This Row],[POSICION]]="jugador",B42/D42,C42/D42)) -> 1 | F42: 8 | H42: 2 | L42: 1 | O42: 1 | P42: 3 | Q42: L | R42: CH PALAUTORDERA (L) | S42: =IF(OR(BD_ESTADISTICA_INF_B[[#This Row],[Jugador]]="eudald",BD_ESTADISTICA_INF_B[[#This Row],[Jugador]]="jules",BD_ESTADISTICA_INF_B[[#This Row],[Jugador]]="JAN"),"PORTERO","JUGADOR") -> JUGADOR | T42: =IF(BD_ESTADISTICA_INF_B[[#This Row],[POSICION]]="jugador",BD_ESTADISTICA_INF_B[[#This Row],[Goles]],0) -> 1 | U42: =IF(BD_ESTADISTICA_INF_B[[#This Row],[POSICION]]="portero",BD_ESTADISTICA_INF_B[[#This Row],[Lanzam.]]-BD_ESTADISTICA_INF_B[[#This Row],[Paradas]],0) -> 0 | V42: =IF(BD_ESTADISTICA_INF_B[[#This Row],[POSICION]]="jugador",BD_ESTADISTICA_INF_B[[#This Row],[Lanzam.]],0) -> 1 | W42: =IF(BD_ESTADISTICA_INF_B[[#This Row],[POSICION]]="portero",BD_ESTADISTICA_INF_B[[#This Row],[Lanzam.]],0) -> 0
A43: Manel | B43: 3 | D43: 4 | E43: =IF(BD_ESTADISTICA_INF_B[[#This Row],[Lanzam.]]="","",IF(BD_ESTADISTICA_INF_B[[#This Row],[POSICION]]="jugador",B43/D43,C43/D43)) -> 0.75 | F43: 4 | O43: 1 | P43: 3 | Q43: L | R43: CH PALAUTORDERA (L) | S43: =IF(OR(BD_ESTADISTICA_INF_B[[#This Row],[Jugador]]="eudald",BD_ESTADISTICA_INF_B[[#This Row],[Jugador]]="jules",BD_ESTADISTICA_INF_B[[#This Row],[Jugador]]="JAN"),"PORTERO","JUGADOR") -> JUGADOR | T43: =IF(BD_ESTADISTICA_INF_B[[#This Row],[POSICION]]="jugador",BD_ESTADISTICA_INF_B[[#This Row],[Goles]],0) -> 3 | U43: =IF(BD_ESTADISTICA_INF_B[[#This Row],[POSICION]]="portero",BD_ESTADISTICA_INF_B[[#This Row],[Lanzam.]]-BD_ESTADISTICA_INF_B[[#This Row],[Paradas]],0) -> 0 | V43: =IF(BD_ESTADISTICA_INF_B[[#This Row],[POSICION]]="jugador",BD_ESTADISTICA_INF_B[[#This Row],[Lanzam.]],0) -> 4 | W43: =IF(BD_ESTADISTICA_INF_B[[#This Row],[POSICION]]="portero",BD_ESTADISTICA_INF_B[[#This Row],[Lanzam.]],0) -> 0
A44: Jordi | E44: =IF(BD_ESTADISTICA_INF_B[[#This Row],[Lanzam.]]="","",IF(BD_ESTADISTICA_INF_B[[#This Row],[POSICION]]="jugador",B44/D44,C44/D44)) | O44: 1 | P44: 3 | Q44: L | R44: CH PALAUTORDERA (L) | S44: =IF(OR(BD_ESTADISTICA_INF_B[[#This Row],[Jugador]]="eudald",BD_ESTADISTICA_INF_B[[#This Row],[Jugador]]="jules",BD_ESTADISTICA_INF_B[[#This Row],[Jugador]]="JAN"),"PORTERO","JUGADOR") -> JUGADOR | T44: =IF(BD_ESTADISTICA_INF_B[[#This Row],[POSICION]]="jugador",BD_ESTADISTICA_INF_B[[#This Row],[Goles]],0) -> 0 | U44: =IF(BD_ESTADISTICA_INF_B[[#This Row],[POSICION]]="portero",BD_ESTADISTICA_INF_B[[#This Row],[Lanzam.]]-BD_ESTADISTICA_INF_B[[#This Row],[Paradas]],0) -> 0 | V44: =IF(BD_ESTADISTICA_INF_B[[#This Row],[POSICION]]="jugador",BD_ESTADISTICA_INF_B[[#This Row],[Lanzam.]],0) -> 0 | W44: =IF(BD_ESTADISTICA_INF_B[[#This Row],[POSICION]]="portero",BD_ESTADISTICA_INF_B[[#This Row],[Lanzam.]],0) -> 0
A45: Roger | B45: 3 | D45: 4 | E45: =IF(BD_ESTADISTICA_INF_B[[#This Row],[Lanzam.]]="","",IF(BD_ESTADISTICA_INF_B[[#This Row],[POSICION]]="jugador",B45/D45,C45/D45)) -> 0.75 | L45: 1 | O45: 1 | P45: 3 | Q45: L | R45: CH PALAUTORDERA (L) | S45: =IF(OR(BD_ESTADISTICA_INF_B[[#This Row],[Jugador]]="eudald",BD_ESTADISTICA_INF_B[[#This Row],[Jugador]]="jules",BD_ESTADISTICA_INF_B[[#This Row],[Jugador]]="JAN"),"PORTERO","JUGADOR") -> JUGADOR | T45: =IF(BD_ESTADISTICA_INF_B[[#This Row],[POSICION]]="jugador",BD_ESTADISTICA_INF_B[[#This Row],[Goles]],0) -> 3 | U45: =IF(BD_ESTADISTICA_INF_B[[#This Row],[POSICION]]="portero",BD_ESTADISTICA_INF_B[[#This Row],[Lanzam.]]-BD_ESTADISTICA_INF_B[[#This Row],[Paradas]],0) -> 0 | V45: =IF(BD_ESTADISTICA_INF_B[[#This Row],[POSICION]]="jugador",BD_ESTADISTICA_INF_B[[#This Row],[Lanzam.]],0) -> 4 | W45: =IF(BD_ESTADISTICA_INF_B[[#This Row],[POSICION]]="portero",BD_ESTADISTICA_INF_B[[#This Row],[Lanzam.]],0) -> 0
A46: Martí | B46: 0 | D46: 1 | E46: =IF(BD_ESTADISTICA_INF_B[[#This Row],[Lanzam.]]="","",IF(BD_ESTADISTICA_INF_B[[#This Row],[POSICION]]="jugador",B46/D46,C46/D46)) -> 0 | F46: 3 | H46: 1 | J46: 1 | O46: 1 | P46: 3 | Q46: L | R46: CH PALAUTORDERA (L) | S46: =IF(OR(BD_ESTADISTICA_INF_B[[#This Row],[Jugador]]="eudald",BD_ESTADISTICA_INF_B[[#This Row],[Jugador]]="jules",BD_ESTADISTICA_INF_B[[#This Row],[Jugador]]="JAN"),"PORTERO","JUGADOR") -> JUGADOR | T46: =IF(BD_ESTADISTICA_INF_B[[#This Row],[POSICION]]="jugador",BD_ESTADISTICA_INF_B[[#This Row],[Goles]],0) -> 0 | U46: =IF(BD_ESTADISTICA_INF_B[[#This Row],[POSICION]]="portero",BD_ESTADISTICA_INF_B[[#This Row],[Lanzam.]]-BD_ESTADISTICA_INF_B[[#This Row],[Paradas]],0) -> 0 | V46: =IF(BD_ESTADISTICA_INF_B[[#This Row],[POSICION]]="jugador",BD_ESTADISTICA_INF_B[[#This Row],[Lanzam.]],0) -> 1 | W46: =IF(BD_ESTADISTICA_INF_B[[#This Row],[POSICION]]="portero",BD_ESTADISTICA_INF_B[[#This Row],[Lanzam.]],0) -> 0
A47: Biel | E47: =IF(BD_ESTADISTICA_INF_B[[#This Row],[Lanzam.]]="","",IF(BD_ESTADISTICA_INF_B[[#This Row],[POSICION]]="jugador",B47/D47,C47/D47)) | L47: 1 | N47: 1 | O47: 1 | P47: 3 | Q47: L | R47: CH PALAUTORDERA (L) | S47: =IF(OR(BD_ESTADISTICA_INF_B[[#This Row],[Jugador]]="eudald",BD_ESTADISTICA_INF_B[[#This Row],[Jugador]]="jules",BD_ESTADISTICA_INF_B[[#This Row],[Jugador]]="JAN"),"PORTERO","JUGADOR") -> JUGADOR | T47: =IF(BD_ESTADISTICA_INF_B[[#This Row],[POSICION]]="jugador",BD_ESTADISTICA_INF_B[[#This Row],[Goles]],0) -> 0 | U47: =IF(BD_ESTADISTICA_INF_B[[#This Row],[POSICION]]="portero",BD_ESTADISTICA_INF_B[[#This Row],[Lanzam.]]-BD_ESTADISTICA_INF_B[[#This Row],[Paradas]],0) -> 0 | V47: =IF(BD_ESTADISTICA_INF_B[[#This Row],[POSICION]]="jugador",BD_ESTADISTICA_INF_B[[#This Row],[Lanzam.]],0) -> 0 | W47: =IF(BD_ESTADISTICA_INF_B[[#This Row],[POSICION]]="portero",BD_ESTADISTICA_INF_B[[#This Row],[Lanzam.]],0) -> 0
A48: Joan Pau | B48: 4 | D48: 6 | E48: =IF(BD_ESTADISTICA_INF_B[[#This Row],[Lanzam.]]="","",IF(BD_ESTADISTICA_INF_B[[#This Row],[POSICION]]="jugador",B48/D48,C48/D48)) -> 0.66666667 | F48: 1 | H48: 1 | O48: 1 | P48: 3 | Q48: L | R48: CH PALAUTORDERA (L) | S48: =IF(OR(BD_ESTADISTICA_INF_B[[#This Row],[Jugador]]="eudald",BD_ESTADISTICA_INF_B[[#This Row],[Jugador]]="jules",BD_ESTADISTICA_INF_B[[#This Row],[Jugador]]="JAN"),"PORTERO","JUGADOR") -> JUGADOR | T48: =IF(BD_ESTADISTICA_INF_B[[#This Row],[POSICION]]="jugador",BD_ESTADISTICA_INF_B[[#This Row],[Goles]],0) -> 4 | U48: =IF(BD_ESTADISTICA_INF_B[[#This Row],[POSICION]]="portero",BD_ESTADISTICA_INF_B[[#This Row],[Lanzam.]]-BD_ESTADISTICA_INF_B[[#This Row],[Paradas]],0) -> 0 | V48: =IF(BD_ESTADISTICA_INF_B[[#This Row],[POSICION]]="jugador",BD_ESTADISTICA_INF_B[[#This Row],[Lanzam.]],0) -> 6 | W48: =IF(BD_ESTADISTICA_INF_B[[#This Row],[POSICION]]="portero",BD_ESTADISTICA_INF_B[[#This Row],[Lanzam.]],0) -> 0
A49: Gerard | B49: 6 | D49: 7 | E49: =IF(BD_ESTADISTICA_INF_B[[#This Row],[Lanzam.]]="","",IF(BD_ESTADISTICA_INF_B[[#This Row],[POSICION]]="jugador",B49/D49,C49/D49)) -> 0.85714286 | G49: 1 | O49: 1 | P49: 3 | Q49: L | R49: CH PALAUTORDERA (L) | S49: =IF(OR(BD_ESTADISTICA_INF_B[[#This Row],[Jugador]]="eudald",BD_ESTADISTICA_INF_B[[#This Row],[Jugador]]="jules",BD_ESTADISTICA_INF_B[[#This Row],[Jugador]]="JAN"),"PORTERO","JUGADOR") -> JUGADOR | T49: =IF(BD_ESTADISTICA_INF_B[[#This Row],[POSICION]]="jugador",BD_ESTADISTICA_INF_B[[#This Row],[Goles]],0) -> 6 | U49: =IF(BD_ESTADISTICA_INF_B[[#This Row],[POSICION]]="portero",BD_ESTADISTICA_INF_B[[#This Row],[Lanzam.]]-BD_ESTADISTICA_INF_B[[#This Row],[Paradas]],0) -> 0 | V49: =IF(BD_ESTADISTICA_INF_B[[#This Row],[POSICION]]="jugador",BD_ESTADISTICA_INF_B[[#This Row],[Lanzam.]],0) -> 7 | W49: =IF(BD_ESTADISTICA_INF_B[[#This Row],[POSICION]]="portero",BD_ESTADISTICA_INF_B[[#This Row],[Lanzam.]],0) -> 0
A50: Marçal | B50: 6 | D50: 6 | E50: =IF(BD_ESTADISTICA_INF_B[[#This Row],[Lanzam.]]="","",IF(BD_ESTADISTICA_INF_B[[#This Row],[POSICION]]="jugador",B50/D50,C50/D50)) -> 1 | F50: 1 | I50: 1 | L50: 1 | N50: 1 | O50: 1 | P50: 3 | Q50: L | R50: CH PALAUTORDERA (L) | S50: =IF(OR(BD_ESTADISTICA_INF_B[[#This Row],[Jugador]]="eudald",BD_ESTADISTICA_INF_B[[#This Row],[Jugador]]="jules",BD_ESTADISTICA_INF_B[[#This Row],[Jugador]]="JAN"),"PORTERO","JUGADOR") -> JUGADOR | T50: =IF(BD_ESTADISTICA_INF_B[[#This Row],[POSICION]]="jugador",BD_ESTADISTICA_INF_B[[#This Row],[Goles]],0) -> 6 | U50: =IF(BD_ESTADISTICA_INF_B[[#This Row],[POSICION]]="portero",BD_ESTADISTICA_INF_B[[#This Row],[Lanzam.]]-BD_ESTADISTICA_INF_B[[#This Row],[Paradas]],0) -> 0 | V50: =IF(BD_ESTADISTICA_INF_B[[#This Row],[POSICION]]="jugador",BD_ESTADISTICA_INF_B[[#This Row],[Lanzam.]],0) -> 6 | W50: =IF(BD_ESTADISTICA_INF_B[[#This Row],[POSICION]]="portero",BD_ESTADISTICA_INF_B[[#This Row],[Lanzam.]],0) -> 0
A51: Unai | B51: 3 | D51: 3 | E51: =IF(BD_ESTADISTICA_INF_B[[#This Row],[Lanzam.]]="","",IF(BD_ESTADISTICA_INF_B[[#This Row],[POSICION]]="jugador",B51/D51,C51/D51)) -> 1 | F51: 1 | L51: 2 | O51: 1 | P51: 3 | Q51: L | R51: CH PALAUTORDERA (L) | S51: =IF(OR(BD_ESTADISTICA_INF_B[[#This Row],[Jugador]]="eudald",BD_ESTADISTICA_INF_B[[#This Row],[Jugador]]="jules",BD_ESTADISTICA_INF_B[[#This Row],[Jugador]]="JAN"),"PORTERO","JUGADOR") -> JUGADOR | T51: =IF(BD_ESTADISTICA_INF_B[[#This Row],[POSICION]]="jugador",BD_ESTADISTICA_INF_B[[#This Row],[Goles]],0) -> 3 | U51: =IF(BD_ESTADISTICA_INF_B[[#This Row],[POSICION]]="portero",BD_ESTADISTICA_INF_B[[#This Row],[Lanzam.]]-BD_ESTADISTICA_INF_B[[#This Row],[Paradas]],0) -> 0 | V51: =IF(BD_ESTADISTICA_INF_B[[#This Row],[POSICION]]="jugador",BD_ESTADISTICA_INF_B[[#This Row],[Lanzam.]],0) -> 3 | W51: =IF(BD_ESTADISTICA_INF_B[[#This Row],[POSICION]]="portero",BD_ESTADISTICA_INF_B[[#This Row],[Lanzam.]],0) -> 0
A52: Leo | B52: 6 | D52: 9 | E52: =IF(BD_ESTADISTICA_INF_B[[#This Row],[Lanzam.]]="","",IF(BD_ESTADISTICA_INF_B[[#This Row],[POSICION]]="jugador",B52/D52,C52/D52)) -> 0.66666667 | F52: 1 | L52: 4 | M52: 1 | N52: 1 | O52: 1 | P52: 3 | Q52: L | R52: CH PALAUTORDERA (L) | S52: =IF(OR(BD_ESTADISTICA_INF_B[[#This Row],[Jugador]]="eudald",BD_ESTADISTICA_INF_B[[#This Row],[Jugador]]="jules",BD_ESTADISTICA_INF_B[[#This Row],[Jugador]]="JAN"),"PORTERO","JUGADOR") -> JUGADOR | T52: =IF(BD_ESTADISTICA_INF_B[[#This Row],[POSICION]]="jugador",BD_ESTADISTICA_INF_B[[#This Row],[Goles]],0) -> 6 | U52: =IF(BD_ESTADISTICA_INF_B[[#This Row],[POSICION]]="portero",BD_ESTADISTICA_INF_B[[#This Row],[Lanzam.]]-BD_ESTADISTICA_INF_B[[#This Row],[Paradas]],0) -> 0 | V52: =IF(BD_ESTADISTICA_INF_B[[#This Row],[POSICION]]="jugador",BD_ESTADISTICA_INF_B[[#This Row],[Lanzam.]],0) -> 9 | W52: =IF(BD_ESTADISTICA_INF_B[[#This Row],[POSICION]]="portero",BD_ESTADISTICA_INF_B[[#This Row],[Lanzam.]],0) -> 0
A53: A. Estapé | E53: =IF(BD_ESTADISTICA_INF_B[[#This Row],[Lanzam.]]="","",IF(BD_ESTADISTICA_INF_B[[#This Row],[POSICION]]="jugador",B53/D53,C53/D53)) | F53: 2 | H53: 2 | M53: 1 | O53: 1 | P53: 3 | Q53: L | R53: CH PALAUTORDERA (L) | S53: =IF(OR(BD_ESTADISTICA_INF_B[[#This Row],[Jugador]]="eudald",BD_ESTADISTICA_INF_B[[#This Row],[Jugador]]="jules",BD_ESTADISTICA_INF_B[[#This Row],[Jugador]]="JAN"),"PORTERO","JUGADOR") -> JUGADOR | T53: =IF(BD_ESTADISTICA_INF_B[[#This Row],[POSICION]]="jugador",BD_ESTADISTICA_INF_B[[#This Row],[Goles]],0) -> 0 | U53: =IF(BD_ESTADISTICA_INF_B[[#This Row],[POSICION]]="portero",BD_ESTADISTICA_INF_B[[#This Row],[Lanzam.]]-BD_ESTADISTICA_INF_B[[#This Row],[Paradas]],0) -> 0 | V53: =IF(BD_ESTADISTICA_INF_B[[#This Row],[POSICION]]="jugador",BD_ESTADISTICA_INF_B[[#This Row],[Lanzam.]],0) -> 0 | W53: =IF(BD_ESTADISTICA_INF_B[[#This Row],[POSICION]]="portero",BD_ESTADISTICA_INF_B[[#This Row],[Lanzam.]],0) -> 0
A54: Jan | B54: 0 | C54: 0 | D54: 5 | E54: =IF(BD_ESTADISTICA_INF_B[[#This Row],[Lanzam.]]="","",IF(BD_ESTADISTICA_INF_B[[#This Row],[POSICION]]="jugador",B54/D54,C54/D54)) -> 0 | F54: 1 | O54: 1 | P54: 3 | Q54: L | R54: CH PALAUTORDERA (L) | S54: =IF(OR(BD_ESTADISTICA_INF_B[[#This Row],[Jugador]]="eudald",BD_ESTADISTICA_INF_B[[#This Row],[Jugador]]="jules",BD_ESTADISTICA_INF_B[[#This Row],[Jugador]]="JAN"),"PORTERO","JUGADOR") -> PORTERO | T54: =IF(BD_ESTADISTICA_INF_B[[#This Row],[POSICION]]="jugador",BD_ESTADISTICA_INF_B[[#This Row],[Goles]],0) -> 0 | U54: =IF(BD_ESTADISTICA_INF_B[[#This Row],[POSICION]]="portero",BD_ESTADISTICA_INF_B[[#This Row],[Lanzam.]]-BD_ESTADISTICA_INF_B[[#This Row],[Paradas]],0) -> 5 | V54: =IF(BD_ESTADISTICA_INF_B[[#This Row],[POSICION]]="jugador",BD_ESTADISTICA_INF_B[[#This Row],[Lanzam.]],0) -> 0 | W54: =IF(BD_ESTADISTICA_INF_B[[#This Row],[POSICION]]="portero",BD_ESTADISTICA_INF_B[[#This Row],[Lanzam.]],0) -> 5
A55: Jules | B55: 9 | C55: 9 | D55: 23 | E55: =IF(BD_ESTADISTICA_INF_B[[#This Row],[Lanzam.]]="","",IF(BD_ESTADISTICA_INF_B[[#This Row],[POSICION]]="jugador",B55/D55,C55/D55)) -> 0.39130435 | M55: 1 | O55: 1 | P55: 3 | Q55: L | R55: CH PALAUTORDERA (L) | S55: =IF(OR(BD_ESTADISTICA_INF_B[[#This Row],[Jugador]]="eudald",BD_ESTADISTICA_INF_B[[#This Row],[Jugador]]="jules",BD_ESTADISTICA_INF_B[[#This Row],[Jugador]]="JAN"),"PORTERO","JUGADOR") -> PORTERO | T55: =IF(BD_ESTADISTICA_INF_B[[#This Row],[POSICION]]="jugador",BD_ESTADISTICA_INF_B[[#This Row],[Goles]],0) -> 0 | U55: =IF(BD_ESTADISTICA_INF_B[[#This Row],[POSICION]]="portero",BD_ESTADISTICA_INF_B[[#This Row],[Lanzam.]]-BD_ESTADISTICA_INF_B[[#This Row],[Paradas]],0) -> 14 | V55: =IF(BD_ESTADISTICA_INF_B[[#This Row],[POSICION]]="jugador",BD_ESTADISTICA_INF_B[[#This Row],[Lanzam.]],0) -> 0 | W55: =IF(BD_ESTADISTICA_INF_B[[#This Row],[POSICION]]="portero",BD_ESTADISTICA_INF_B[[#This Row],[Lanzam.]],0) -> 23
A56: Eudald | E56: =IF(BD_ESTADISTICA_INF_B[[#This Row],[Lanzam.]]="","",IF(BD_ESTADISTICA_INF_B[[#This Row],[POSICION]]="jugador",B56/D56,C56/D56)) | O56: 1 | P56: 3 | Q56: L | R56: CH PALAUTORDERA (L) | S56: =IF(OR(BD_ESTADISTICA_INF_B[[#This Row],[Jugador]]="eudald",BD_ESTADISTICA_INF_B[[#This Row],[Jugador]]="jules",BD_ESTADISTICA_INF_B[[#This Row],[Jugador]]="JAN"),"PORTERO","JUGADOR") -> PORTERO | T56: =IF(BD_ESTADISTICA_INF_B[[#This Row],[POSICION]]="jugador",BD_ESTADISTICA_INF_B[[#This Row],[Goles]],0) -> 0 | U56: =IF(BD_ESTADISTICA_INF_B[[#This Row],[POSICION]]="portero",BD_ESTADISTICA_INF_B[[#This Row],[Lanzam.]]-BD_ESTADISTICA_INF_B[[#This Row],[Paradas]],0) -> 0 | V56: =IF(BD_ESTADISTICA_INF_B[[#This Row],[POSICION]]="jugador",BD_ESTADISTICA_INF_B[[#This Row],[Lanzam.]],0) -> 0 | W56: =IF(BD_ESTADISTICA_INF_B[[#This Row],[POSICION]]="portero",BD_ESTADISTICA_INF_B[[#This Row],[Lanzam.]],0) -> 0
A57: David | B57: 2 | D57: 2 | E57: =IF(BD_ESTADISTICA_INF_B[[#This Row],[Lanzam.]]="","",IF(BD_ESTADISTICA_INF_B[[#This Row],[POSICION]]="jugador",B57/D57,C57/D57)) -> 1 | L57: 2 | O57: 1 | P57: 3 | Q57: L | R57: CH PALAUTORDERA (L) | S57: =IF(OR(BD_ESTADISTICA_INF_B[[#This Row],[Jugador]]="eudald",BD_ESTADISTICA_INF_B[[#This Row],[Jugador]]="jules",BD_ESTADISTICA_INF_B[[#This Row],[Jugador]]="JAN"),"PORTERO","JUGADOR") -> JUGADOR | T57: =IF(BD_ESTADISTICA_INF_B[[#This Row],[POSICION]]="jugador",BD_ESTADISTICA_INF_B[[#This Row],[Goles]],0) -> 2 | U57: =IF(BD_ESTADISTICA_INF_B[[#This Row],[POSICION]]="portero",BD_ESTADISTICA_INF_B[[#This Row],[Lanzam.]]-BD_ESTADISTICA_INF_B[[#This Row],[Paradas]],0) -> 0 | V57: =IF(BD_ESTADISTICA_INF_B[[#This Row],[POSICION]]="jugador",BD_ESTADISTICA_INF_B[[#This Row],[Lanzam.]],0) -> 2 | W57: =IF(BD_ESTADISTICA_INF_B[[#This Row],[POSICION]]="portero",BD_ESTADISTICA_INF_B[[#This Row],[Lanzam.]],0) -> 0
A58: Maxim | E58: =IF(BD_ESTADISTICA_INF_B[[#This Row],[Lanzam.]]="","",IF(BD_ESTADISTICA_INF_B[[#This Row],[POSICION]]="jugador",B58/D58,C58/D58)) | O58: 1 | P58: 3 | Q58: L | R58: CH PALAUTORDERA (L) | S58: =IF(OR(BD_ESTADISTICA_INF_B[[#This Row],[Jugador]]="eudald",BD_ESTADISTICA_INF_B[[#This Row],[Jugador]]="jules",BD_ESTADISTICA_INF_B[[#This Row],[Jugador]]="JAN"),"PORTERO","JUGADOR") -> JUGADOR | T58: =IF(BD_ESTADISTICA_INF_B[[#This Row],[POSICION]]="jugador",BD_ESTADISTICA_INF_B[[#This Row],[Goles]],0) -> 0 | U58: =IF(BD_ESTADISTICA_INF_B[[#This Row],[POSICION]]="portero",BD_ESTADISTICA_INF_B[[#This Row],[Lanzam.]]-BD_ESTADISTICA_INF_B[[#This Row],[Paradas]],0) -> 0 | V58: =IF(BD_ESTADISTICA_INF_B[[#This Row],[POSICION]]="jugador",BD_ESTADISTICA_INF_B[[#This Row],[Lanzam.]],0) -> 0 | W58: =IF(BD_ESTADISTICA_INF_B[[#This Row],[POSICION]]="portero",BD_ESTADISTICA_INF_B[[#This Row],[Lanzam.]],0) -> 0
A59: Adai | B59: 5 | D59: 5 | E59: =IF(BD_ESTADISTICA_INF_B[[#This Row],[Lanzam.]]="","",IF(BD_ESTADISTICA_INF_B[[#This Row],[POSICION]]="jugador",B59/D59,C59/D59)) -> 1 | F59: 3 | H59: 1 | L59: 4 | O59: 6 | P59: 3 | Q59: V | R59: CH ESPLUGUES (V) | S59: =IF(OR(BD_ESTADISTICA_INF_B[[#This Row],[Jugador]]="eudald",BD_ESTADISTICA_INF_B[[#This Row],[Jugador]]="jules",BD_ESTADISTICA_INF_B[[#This Row],[Jugador]]="JAN"),"PORTERO","JUGADOR") -> JUGADOR | T59: =IF(BD_ESTADISTICA_INF_B[[#This Row],[POSICION]]="jugador",BD_ESTADISTICA_INF_B[[#This Row],[Goles]],0) -> 5 | U59: =IF(BD_ESTADISTICA_INF_B[[#This Row],[POSICION]]="portero",BD_ESTADISTICA_INF_B[[#This Row],[Lanzam.]]-BD_ESTADISTICA_INF_B[[#This Row],[Paradas]],0) -> 0 | V59: =IF(BD_ESTADISTICA_INF_B[[#This Row],[POSICION]]="jugador",BD_ESTADISTICA_INF_B[[#This Row],[Lanzam.]],0) -> 5 | W59: =IF(BD_ESTADISTICA_INF_B[[#This Row],[POSICION]]="portero",BD_ESTADISTICA_INF_B[[#This Row],[Lanzam.]],0) -> 0
A60: Albert | E60: =IF(BD_ESTADISTICA_INF_B[[#This Row],[Lanzam.]]="","",IF(BD_ESTADISTICA_INF_B[[#This Row],[POSICION]]="jugador",B60/D60,C60/D60)) | O60: 6 | P60: 3 | Q60: V | R60: CH ESPLUGUES (V) | S60: =IF(OR(BD_ESTADISTICA_INF_B[[#This Row],[Jugador]]="eudald",BD_ESTADISTICA_INF_B[[#This Row],[Jugador]]="jules",BD_ESTADISTICA_INF_B[[#This Row],[Jugador]]="JAN"),"PORTERO","JUGADOR") -> JUGADOR | T60: =IF(BD_ESTADISTICA_INF_B[[#This Row],[POSICION]]="jugador",BD_ESTADISTICA_INF_B[[#This Row],[Goles]],0) -> 0 | U60: =IF(BD_ESTADISTICA_INF_B[[#This Row],[POSICION]]="portero",BD_ESTADISTICA_INF_B[[#This Row],[Lanzam.]]-BD_ESTADISTICA_INF_B[[#This Row],[Paradas]],0) -> 0 | V60: =IF(BD_ESTADISTICA_INF_B[[#This Row],[POSICION]]="jugador",BD_ESTADISTICA_INF_B[[#This Row],[Lanzam.]],0) -> 0 | W60: =IF(BD_ESTADISTICA_INF_B[[#This Row],[POSICION]]="portero",BD_ESTADISTICA_INF_B[[#This Row],[Lanzam.]],0) -> 0
A61: A. Espeso | E61: =IF(BD_ESTADISTICA_INF_B[[#This Row],[Lanzam.]]="","",IF(BD_ESTADISTICA_INF_B[[#This Row],[POSICION]]="jugador",B61/D61,C61/D61)) | F61: 8 | O61: 6 | P61: 3 | Q61: V | R61: CH ESPLUGUES (V) | S61: =IF(OR(BD_ESTADISTICA_INF_B[[#This Row],[Jugador]]="eudald",BD_ESTADISTICA_INF_B[[#This Row],[Jugador]]="jules",BD_ESTADISTICA_INF_B[[#This Row],[Jugador]]="JAN"),"PORTERO","JUGADOR") -> JUGADOR | T61: =IF(BD_ESTADISTICA_INF_B[[#This Row],[POSICION]]="jugador",BD_ESTADISTICA_INF_B[[#This Row],[Goles]],0) -> 0 | U61: =IF(BD_ESTADISTICA_INF_B[[#This Row],[POSICION]]="portero",BD_ESTADISTICA_INF_B[[#This Row],[Lanzam.]]-BD_ESTADISTICA_INF_B[[#This Row],[Paradas]],0) -> 0 | V61: =IF(BD_ESTADISTICA_INF_B[[#This Row],[POSICION]]="jugador",BD_ESTADISTICA_INF_B[[#This Row],[Lanzam.]],0) -> 0 | W61: =IF(BD_ESTADISTICA_INF_B[[#This Row],[POSICION]]="portero",BD_ESTADISTICA_INF_B[[#This Row],[Lanzam.]],0) -> 0
A62: Manel | E62: =IF(BD_ESTADISTICA_INF_B[[#This Row],[Lanzam.]]="","",IF(BD_ESTADISTICA_INF_B[[#This Row],[POSICION]]="jugador",B62/D62,C62/D62)) | O62: 6 | P62: 3 | Q62: V | R62: CH ESPLUGUES (V) | S62: =IF(OR(BD_ESTADISTICA_INF_B[[#This Row],[Jugador]]="eudald",BD_ESTADISTICA_INF_B[[#This Row],[Jugador]]="jules",BD_ESTADISTICA_INF_B[[#This Row],[Jugador]]="JAN"),"PORTERO","JUGADOR") -> JUGADOR | T62: =IF(BD_ESTADISTICA_INF_B[[#This Row],[POSICION]]="jugador",BD_ESTADISTICA_INF_B[[#This Row],[Goles]],0) -> 0 | U62: =IF(BD_ESTADISTICA_INF_B[[#This Row],[POSICION]]="portero",BD_ESTADISTICA_INF_B[[#This Row],[Lanzam.]]-BD_ESTADISTICA_INF_B[[#This Row],[Paradas]],0) -> 0 | V62: =IF(BD_ESTADISTICA_INF_B[[#This Row],[POSICION]]="jugador",BD_ESTADISTICA_INF_B[[#This Row],[Lanzam.]],0) -> 0 | W62: =IF(BD_ESTADISTICA_INF_B[[#This Row],[POSICION]]="portero",BD_ESTADISTICA_INF_B[[#This Row],[Lanzam.]],0) -> 0
A63: Jordi | B63: 2 | D63: 2 | E63: =IF(BD_ESTADISTICA_INF_B[[#This Row],[Lanzam.]]="","",IF(BD_ESTADISTICA_INF_B[[#This Row],[POSICION]]="jugador",B63/D63,C63/D63)) -> 1 | I63: 1 | O63: 6 | P63: 3 | Q63: V | R63: CH ESPLUGUES (V) | S63: =IF(OR(BD_ESTADISTICA_INF_B[[#This Row],[Jugador]]="eudald",BD_ESTADISTICA_INF_B[[#This Row],[Jugador]]="jules",BD_ESTADISTICA_INF_B[[#This Row],[Jugador]]="JAN"),"PORTERO","JUGADOR") -> JUGADOR | T63: =IF(BD_ESTADISTICA_INF_B[[#This Row],[POSICION]]="jugador",BD_ESTADISTICA_INF_B[[#This Row],[Goles]],0) -> 2 | U63: =IF(BD_ESTADISTICA_INF_B[[#This Row],[POSICION]]="portero",BD_ESTADISTICA_INF_B[[#This Row],[Lanzam.]]-BD_ESTADISTICA_INF_B[[#This Row],[Paradas]],0) -> 0 | V63: =IF(BD_ESTADISTICA_INF_B[[#This Row],[POSICION]]="jugador",BD_ESTADISTICA_INF_B[[#This Row],[Lanzam.]],0) -> 2 | W63: =IF(BD_ESTADISTICA_INF_B[[#This Row],[POSICION]]="portero",BD_ESTADISTICA_INF_B[[#This Row],[Lanzam.]],0) -> 0
A64: Roger | B64: 2 | D64: 4 | E64: =IF(BD_ESTADISTICA_INF_B[[#This Row],[Lanzam.]]="","",IF(BD_ESTADISTICA_INF_B[[#This Row],[POSICION]]="jugador",B64/D64,C64/D64)) -> 0.5 | O64: 6 | P64: 3 | Q64: V | R64: CH ESPLUGUES (V) | S64: =IF(OR(BD_ESTADISTICA_INF_B[[#This Row],[Jugador]]="eudald",BD_ESTADISTICA_INF_B[[#This Row],[Jugador]]="jules",BD_ESTADISTICA_INF_B[[#This Row],[Jugador]]="JAN"),"PORTERO","JUGADOR") -> JUGADOR | T64: =IF(BD_ESTADISTICA_INF_B[[#This Row],[POSICION]]="jugador",BD_ESTADISTICA_INF_B[[#This Row],[Goles]],0) -> 2 | U64: =IF(BD_ESTADISTICA_INF_B[[#This Row],[POSICION]]="portero",BD_ESTADISTICA_INF_B[[#This Row],[Lanzam.]]-BD_ESTADISTICA_INF_B[[#This Row],[Paradas]],0) -> 0 | V64: =IF(BD_ESTADISTICA_INF_B[[#This Row],[POSICION]]="jugador",BD_ESTADISTICA_INF_B[[#This Row],[Lanzam.]],0) -> 4 | W64: =IF(BD_ESTADISTICA_INF_B[[#This Row],[POSICION]]="portero",BD_ESTADISTICA_INF_B[[#This Row],[Lanzam.]],0) -> 0
A65: Martí | B65: 4 | D65: 5 | E65: =IF(BD_ESTADISTICA_INF_B[[#This Row],[Lanzam.]]="","",IF(BD_ESTADISTICA_INF_B[[#This Row],[POSICION]]="jugador",B65/D65,C65/D65)) -> 0.8 | F65: 4 | H65: 1 | L65: 1 | O65: 6 | P65: 3 | Q65: V | R65: CH ESPLUGUES (V) | S65: =IF(OR(BD_ESTADISTICA_INF_B[[#This Row],[Jugador]]="eudald",BD_ESTADISTICA_INF_B[[#This Row],[Jugador]]="jules",BD_ESTADISTICA_INF_B[[#This Row],[Jugador]]="JAN"),"PORTERO","JUGADOR") -> JUGADOR | T65: =IF(BD_ESTADISTICA_INF_B[[#This Row],[POSICION]]="jugador",BD_ESTADISTICA_INF_B[[#This Row],[Goles]],0) -> 4 | U65: =IF(BD_ESTADISTICA_INF_B[[#This Row],[POSICION]]="portero",BD_ESTADISTICA_INF_B[[#This Row],[Lanzam.]]-BD_ESTADISTICA_INF_B[[#This Row],[Paradas]],0) -> 0 | V65: =IF(BD_ESTADISTICA_INF_B[[#This Row],[POSICION]]="jugador",BD_ESTADISTICA_INF_B[[#This Row],[Lanzam.]],0) -> 5 | W65: =IF(BD_ESTADISTICA_INF_B[[#This Row],[POSICION]]="portero",BD_ESTADISTICA_INF_B[[#This Row],[Lanzam.]],0) -> 0
A66: Biel | B66: 1 | D66: 1 | E66: =IF(BD_ESTADISTICA_INF_B[[#This Row],[Lanzam.]]="","",IF(BD_ESTADISTICA_INF_B[[#This Row],[POSICION]]="jugador",B66/D66,C66/D66)) -> 1 | O66: 6 | P66: 3 | Q66: V | R66: CH ESPLUGUES (V) | S66: =IF(OR(BD_ESTADISTICA_INF_B[[#This Row],[Jugador]]="eudald",BD_ESTADISTICA_INF_B[[#This Row],[Jugador]]="jules",BD_ESTADISTICA_INF_B[[#This Row],[Jugador]]="JAN"),"PORTERO","JUGADOR") -> JUGADOR | T66: =IF(BD_ESTADISTICA_INF_B[[#This Row],[POSICION]]="jugador",BD_ESTADISTICA_INF_B[[#This Row],[Goles]],0) -> 1 | U66: =IF(BD_ESTADISTICA_INF_B[[#This Row],[POSICION]]="portero",BD_ESTADISTICA_INF_B[[#This Row],[Lanzam.]]-BD_ESTADISTICA_INF_B[[#This Row],[Paradas]],0) -> 0 | V66: =IF(BD_ESTADISTICA_INF_B[[#This Row],[POSICION]]="jugador",BD_ESTADISTICA_INF_B[[#This Row],[Lanzam.]],0) -> 1 | W66: =IF(BD_ESTADISTICA_INF_B[[#This Row],[POSICION]]="portero",BD_ESTADISTICA_INF_B[[#This Row],[Lanzam.]],0) -> 0
A67: Joan Pau | E67: =IF(BD_ESTADISTICA_INF_B[[#This Row],[Lanzam.]]="","",IF(BD_ESTADISTICA_INF_B[[#This Row],[POSICION]]="jugador",B67/D67,C67/D67)) | O67: 6 | P67: 3 | Q67: V | R67: CH ESPLUGUES (V) | S67: =IF(OR(BD_ESTADISTICA_INF_B[[#This Row],[Jugador]]="eudald",BD_ESTADISTICA_INF_B[[#This Row],[Jugador]]="jules",BD_ESTADISTICA_INF_B[[#This Row],[Jugador]]="JAN"),"PORTERO","JUGADOR") -> JUGADOR | T67: =IF(BD_ESTADISTICA_INF_B[[#This Row],[POSICION]]="jugador",BD_ESTADISTICA_INF_B[[#This Row],[Goles]],0) -> 0 | U67: =IF(BD_ESTADISTICA_INF_B[[#This Row],[POSICION]]="portero",BD_ESTADISTICA_INF_B[[#This Row],[Lanzam.]]-BD_ESTADISTICA_INF_B[[#This Row],[Paradas]],0) -> 0 | V67: =IF(BD_ESTADISTICA_INF_B[[#This Row],[POSICION]]="jugador",BD_ESTADISTICA_INF_B[[#This Row],[Lanzam.]],0) -> 0 | W67: =IF(BD_ESTADISTICA_INF_B[[#This Row],[POSICION]]="portero",BD_ESTADISTICA_INF_B[[#This Row],[Lanzam.]],0) -> 0
A68: Gerard | B68: 6 | D68: 7 | E68: =IF(BD_ESTADISTICA_INF_B[[#This Row],[Lanzam.]]="","",IF(BD_ESTADISTICA_INF_B[[#This Row],[POSICION]]="jugador",B68/D68,C68/D68)) -> 0.85714286 | G68: 1 | L68: 1 | O68: 6 | P68: 3 | Q68: V | R68: CH ESPLUGUES (V) | S68: =IF(OR(BD_ESTADISTICA_INF_B[[#This Row],[Jugador]]="eudald",BD_ESTADISTICA_INF_B[[#This Row],[Jugador]]="jules",BD_ESTADISTICA_INF_B[[#This Row],[Jugador]]="JAN"),"PORTERO","JUGADOR") -> JUGADOR | T68: =IF(BD_ESTADISTICA_INF_B[[#This Row],[POSICION]]="jugador",BD_ESTADISTICA_INF_B[[#This Row],[Goles]],0) -> 6 | U68: =IF(BD_ESTADISTICA_INF_B[[#This Row],[POSICION]]="portero",BD_ESTADISTICA_INF_B[[#This Row],[Lanzam.]]-BD_ESTADISTICA_INF_B[[#This Row],[Paradas]],0) -> 0 | V68: =IF(BD_ESTADISTICA_INF_B[[#This Row],[POSICION]]="jugador",BD_ESTADISTICA_INF_B[[#This Row],[Lanzam.]],0) -> 7 | W68: =IF(BD_ESTADISTICA_INF_B[[#This Row],[POSICION]]="portero",BD_ESTADISTICA_INF_B[[#This Row],[Lanzam.]],0) -> 0
A69: Marçal | B69: 3 | D69: 4 | E69: =IF(BD_ESTADISTICA_INF_B[[#This Row],[Lanzam.]]="","",IF(BD_ESTADISTICA_INF_B[[#This Row],[POSICION]]="jugador",B69/D69,C69/D69)) -> 0.75 | F69: 1 | H69: 2 | O69: 6 | P69: 3 | Q69: V | R69: CH ESPLUGUES (V) | S69: =IF(OR(BD_ESTADISTICA_INF_B[[#This Row],[Jugador]]="eudald",BD_ESTADISTICA_INF_B[[#This Row],[Jugador]]="jules",BD_ESTADISTICA_INF_B[[#This Row],[Jugador]]="JAN"),"PORTERO","JUGADOR") -> JUGADOR | T69: =IF(BD_ESTADISTICA_INF_B[[#This Row],[POSICION]]="jugador",BD_ESTADISTICA_INF_B[[#This Row],[Goles]],0) -> 3 | U69: =IF(BD_ESTADISTICA_INF_B[[#This Row],[POSICION]]="portero",BD_ESTADISTICA_INF_B[[#This Row],[Lanzam.]]-BD_ESTADISTICA_INF_B[[#This Row],[Paradas]],0) -> 0 | V69: =IF(BD_ESTADISTICA_INF_B[[#This Row],[POSICION]]="jugador",BD_ESTADISTICA_INF_B[[#This Row],[Lanzam.]],0) -> 4 | W69: =IF(BD_ESTADISTICA_INF_B[[#This Row],[POSICION]]="portero",BD_ESTADISTICA_INF_B[[#This Row],[Lanzam.]],0) -> 0
A70: Unai | B70: 2 | D70: 3 | E70: =IF(BD_ESTADISTICA_INF_B[[#This Row],[Lanzam.]]="","",IF(BD_ESTADISTICA_INF_B[[#This Row],[POSICION]]="jugador",B70/D70,C70/D70)) -> 0.66666667 | F70: 1 | G70: 1 | H70: 1 | N70: 1 | O70: 6 | P70: 3 | Q70: V | R70: CH ESPLUGUES (V) | S70: =IF(OR(BD_ESTADISTICA_INF_B[[#This Row],[Jugador]]="eudald",BD_ESTADISTICA_INF_B[[#This Row],[Jugador]]="jules",BD_ESTADISTICA_INF_B[[#This Row],[Jugador]]="JAN"),"PORTERO","JUGADOR") -> JUGADOR | T70: =IF(BD_ESTADISTICA_INF_B[[#This Row],[POSICION]]="jugador",BD_ESTADISTICA_INF_B[[#This Row],[Goles]],0) -> 2 | U70: =IF(BD_ESTADISTICA_INF_B[[#This Row],[POSICION]]="portero",BD_ESTADISTICA_INF_B[[#This Row],[Lanzam.]]-BD_ESTADISTICA_INF_B[[#This Row],[Paradas]],0) -> 0 | V70: =IF(BD_ESTADISTICA_INF_B[[#This Row],[POSICION]]="jugador",BD_ESTADISTICA_INF_B[[#This Row],[Lanzam.]],0) -> 3 | W70: =IF(BD_ESTADISTICA_INF_B[[#This Row],[POSICION]]="portero",BD_ESTADISTICA_INF_B[[#This Row],[Lanzam.]],0) -> 0
A71: Leo | B71: 5 | D71: 5 | E71: =IF(BD_ESTADISTICA_INF_B[[#This Row],[Lanzam.]]="","",IF(BD_ESTADISTICA_INF_B[[#This Row],[POSICION]]="jugador",B71/D71,C71/D71)) -> 1 | F71: 3 | L71: 4 | O71: 6 | P71: 3 | Q71: V | R71: CH ESPLUGUES (V) | S71: =IF(OR(BD_ESTADISTICA_INF_B[[#This Row],[Jugador]]="eudald",BD_ESTADISTICA_INF_B[[#This Row],[Jugador]]="jules",BD_ESTADISTICA_INF_B[[#This Row],[Jugador]]="JAN"),"PORTERO","JUGADOR") -> JUGADOR | T71: =IF(BD_ESTADISTICA_INF_B[[#This Row],[POSICION]]="jugador",BD_ESTADISTICA_INF_B[[#This Row],[Goles]],0) -> 5 | U71: =IF(BD_ESTADISTICA_INF_B[[#This Row],[POSICION]]="portero",BD_ESTADISTICA_INF_B[[#This Row],[Lanzam.]]-BD_ESTADISTICA_INF_B[[#This Row],[Paradas]],0) -> 0 | V71: =IF(BD_ESTADISTICA_INF_B[[#This Row],[POSICION]]="jugador",BD_ESTADISTICA_INF_B[[#This Row],[Lanzam.]],0) -> 5 | W71: =IF(BD_ESTADISTICA_INF_B[[#This Row],[POSICION]]="portero",BD_ESTADISTICA_INF_B[[#This Row],[Lanzam.]],0) -> 0
A72: A. Estapé | B72: 1 | D72: 1 | E72: =IF(BD_ESTADISTICA_INF_B[[#This Row],[Lanzam.]]="","",IF(BD_ESTADISTICA_INF_B[[#This Row],[POSICION]]="jugador",B72/D72,C72/D72)) -> 1 | F72: 5 | H72: 1 | L72: 1 | O72: 6 | P72: 3 | Q72: V | R72: CH ESPLUGUES (V) | S72: =IF(OR(BD_ESTADISTICA_INF_B[[#This Row],[Jugador]]="eudald",BD_ESTADISTICA_INF_B[[#This Row],[Jugador]]="jules",BD_ESTADISTICA_INF_B[[#This Row],[Jugador]]="JAN"),"PORTERO","JUGADOR") -> JUGADOR | T72: =IF(BD_ESTADISTICA_INF_B[[#This Row],[POSICION]]="jugador",BD_ESTADISTICA_INF_B[[#This Row],[Goles]],0) -> 1 | U72: =IF(BD_ESTADISTICA_INF_B[[#This Row],[POSICION]]="portero",BD_ESTADISTICA_INF_B[[#This Row],[Lanzam.]]-BD_ESTADISTICA_INF_B[[#This Row],[Paradas]],0) -> 0 | V72: =IF(BD_ESTADISTICA_INF_B[[#This Row],[POSICION]]="jugador",BD_ESTADISTICA_INF_B[[#This Row],[Lanzam.]],0) -> 1 | W72: =IF(BD_ESTADISTICA_INF_B[[#This Row],[POSICION]]="portero",BD_ESTADISTICA_INF_B[[#This Row],[Lanzam.]],0) -> 0
A73: Jan | E73: =IF(BD_ESTADISTICA_INF_B[[#This Row],[Lanzam.]]="","",IF(BD_ESTADISTICA_INF_B[[#This Row],[POSICION]]="jugador",B73/D73,C73/D73)) | O73: 6 | P73: 3 | Q73: V | R73: CH ESPLUGUES (V) | S73: =IF(OR(BD_ESTADISTICA_INF_B[[#This Row],[Jugador]]="eudald",BD_ESTADISTICA_INF_B[[#This Row],[Jugador]]="jules",BD_ESTADISTICA_INF_B[[#This Row],[Jugador]]="JAN"),"PORTERO","JUGADOR") -> PORTERO | T73: =IF(BD_ESTADISTICA_INF_B[[#This Row],[POSICION]]="jugador",BD_ESTADISTICA_INF_B[[#This Row],[Goles]],0) -> 0 | U73: =IF(BD_ESTADISTICA_INF_B[[#This Row],[POSICION]]="portero",BD_ESTADISTICA_INF_B[[#This Row],[Lanzam.]]-BD_ESTADISTICA_INF_B[[#This Row],[Paradas]],0) -> 0 | V73: =IF(BD_ESTADISTICA_INF_B[[#This Row],[POSICION]]="jugador",BD_ESTADISTICA_INF_B[[#This Row],[Lanzam.]],0) -> 0 | W73: =IF(BD_ESTADISTICA_INF_B[[#This Row],[POSICION]]="portero",BD_ESTADISTICA_INF_B[[#This Row],[Lanzam.]],0) -> 0
A74: Jules | B74: 3 | C74: 3 | D74: 12 | E74: =IF(BD_ESTADISTICA_INF_B[[#This Row],[Lanzam.]]="","",IF(BD_ESTADISTICA_INF_B[[#This Row],[POSICION]]="jugador",B74/D74,C74/D74)) -> 0.25 | F74: 1 | O74: 6 | P74: 3 | Q74: V | R74: CH ESPLUGUES (V) | S74: =IF(OR(BD_ESTADISTICA_INF_B[[#This Row],[Jugador]]="eudald",BD_ESTADISTICA_INF_B[[#This Row],[Jugador]]="jules",BD_ESTADISTICA_INF_B[[#This Row],[Jugador]]="JAN"),"PORTERO","JUGADOR") -> PORTERO | T74: =IF(BD_ESTADISTICA_INF_B[[#This Row],[POSICION]]="jugador",BD_ESTADISTICA_INF_B[[#This Row],[Goles]],0) -> 0 | U74: =IF(BD_ESTADISTICA_INF_B[[#This Row],[POSICION]]="portero",BD_ESTADISTICA_INF_B[[#This Row],[Lanzam.]]-BD_ESTADISTICA_INF_B[[#This Row],[Paradas]],0) -> 9 | V74: =IF(BD_ESTADISTICA_INF_B[[#This Row],[POSICION]]="jugador",BD_ESTADISTICA_INF_B[[#This Row],[Lanzam.]],0) -> 0 | W74: =IF(BD_ESTADISTICA_INF_B[[#This Row],[POSICION]]="portero",BD_ESTADISTICA_INF_B[[#This Row],[Lanzam.]],0) -> 12
A75: Eudald | B75: 7 | C75: 7 | D75: 15 | E75: =IF(BD_ESTADISTICA_INF_B[[#This Row],[Lanzam.]]="","",IF(BD_ESTADISTICA_INF_B[[#This Row],[POSICION]]="jugador",B75/D75,C75/D75)) -> 0.46666667 | F75: 1 | O75: 6 | P75: 3 | Q75: V | R75: CH ESPLUGUES (V) | S75: =IF(OR(BD_ESTADISTICA_INF_B[[#This Row],[Jugador]]="eudald",BD_ESTADISTICA_INF_B[[#This Row],[Jugador]]="jules",BD_ESTADISTICA_INF_B[[#This Row],[Jugador]]="JAN"),"PORTERO","JUGADOR") -> PORTERO | T75: =IF(BD_ESTADISTICA_INF_B[[#This Row],[POSICION]]="jugador",BD_ESTADISTICA_INF_B[[#This Row],[Goles]],0) -> 0 | U75: =IF(BD_ESTADISTICA_INF_B[[#This Row],[POSICION]]="portero",BD_ESTADISTICA_INF_B[[#This Row],[Lanzam.]]-BD_ESTADISTICA_INF_B[[#This Row],[Paradas]],0) -> 8 | V75: =IF(BD_ESTADISTICA_INF_B[[#This Row],[POSICION]]="jugador",BD_ESTADISTICA_INF_B[[#This Row],[Lanzam.]],0) -> 0 | W75: =IF(BD_ESTADISTICA_INF_B[[#This Row],[POSICION]]="portero",BD_ESTADISTICA_INF_B[[#This Row],[Lanzam.]],0) -> 15
A76: David | B76: 6 | D76: 6 | E76: =IF(BD_ESTADISTICA_INF_B[[#This Row],[Lanzam.]]="","",IF(BD_ESTADISTICA_INF_B[[#This Row],[POSICION]]="jugador",B76/D76,C76/D76)) -> 1 | L76: 1 | O76: 6 | P76: 3 | Q76: V | R76: CH ESPLUGUES (V) | S76: =IF(OR(BD_ESTADISTICA_INF_B[[#This Row],[Jugador]]="eudald",BD_ESTADISTICA_INF_B[[#This Row],[Jugador]]="jules",BD_ESTADISTICA_INF_B[[#This Row],[Jugador]]="JAN"),"PORTERO","JUGADOR") -> JUGADOR | T76: =IF(BD_ESTADISTICA_INF_B[[#This Row],[POSICION]]="jugador",BD_ESTADISTICA_INF_B[[#This Row],[Goles]],0) -> 6 | U76: =IF(BD_ESTADISTICA_INF_B[[#This Row],[POSICION]]="portero",BD_ESTADISTICA_INF_B[[#This Row],[Lanzam.]]-BD_ESTADISTICA_INF_B[[#This Row],[Paradas]],0) -> 0 | V76: =IF(BD_ESTADISTICA_INF_B[[#This Row],[POSICION]]="jugador",BD_ESTADISTICA_INF_B[[#This Row],[Lanzam.]],0) -> 6 | W76: =IF(BD_ESTADISTICA_INF_B[[#This Row],[POSICION]]="portero",BD_ESTADISTICA_INF_B[[#This Row],[Lanzam.]],0) -> 0
A77: Maxim | E77: =IF(BD_ESTADISTICA_INF_B[[#This Row],[Lanzam.]]="","",IF(BD_ESTADISTICA_INF_B[[#This Row],[POSICION]]="jugador",B77/D77,C77/D77)) | O77: 6 | P77: 3 | Q77: V | R77: CH ESPLUGUES (V) | S77: =IF(OR(BD_ESTADISTICA_INF_B[[#This Row],[Jugador]]="eudald",BD_ESTADISTICA_INF_B[[#This Row],[Jugador]]="jules",BD_ESTADISTICA_INF_B[[#This Row],[Jugador]]="JAN"),"PORTERO","JUGADOR") -> JUGADOR | T77: =IF(BD_ESTADISTICA_INF_B[[#This Row],[POSICION]]="jugador",BD_ESTADISTICA_INF_B[[#This Row],[Goles]],0) -> 0 | U77: =IF(BD_ESTADISTICA_INF_B[[#This Row],[POSICION]]="portero",BD_ESTADISTICA_INF_B[[#This Row],[Lanzam.]]-BD_ESTADISTICA_INF_B[[#This Row],[Paradas]],0) -> 0 | V77: =IF(BD_ESTADISTICA_INF_B[[#This Row],[POSICION]]="jugador",BD_ESTADISTICA_INF_B[[#This Row],[Lanzam.]],0) -> 0 | W77: =IF(BD_ESTADISTICA_INF_B[[#This Row],[POSICION]]="portero",BD_ESTADISTICA_INF_B[[#This Row],[Lanzam.]],0) -> 0
A78: Adai | B78: 3 | D78: 4 | E78: =IF(BD_ESTADISTICA_INF_B[[#This Row],[Lanzam.]]="","",IF(BD_ESTADISTICA_INF_B[[#This Row],[POSICION]]="jugador",B78/D78,C78/D78)) -> 0.75 | G78: 1 | O78: 5 | P78: 3 | Q78: L | R78: CREU ALTA SABADELL (L) | S78: =IF(OR(BD_ESTADISTICA_INF_B[[#This Row],[Jugador]]="eudald",BD_ESTADISTICA_INF_B[[#This Row],[Jugador]]="jules",BD_ESTADISTICA_INF_B[[#This Row],[Jugador]]="JAN"),"PORTERO","JUGADOR") -> JUGADOR | T78: =IF(BD_ESTADISTICA_INF_B[[#This Row],[POSICION]]="jugador",BD_ESTADISTICA_INF_B[[#This Row],[Goles]],0) -> 3 | U78: =IF(BD_ESTADISTICA_INF_B[[#This Row],[POSICION]]="portero",BD_ESTADISTICA_INF_B[[#This Row],[Lanzam.]]-BD_ESTADISTICA_INF_B[[#This Row],[Paradas]],0) -> 0 | V78: =IF(BD_ESTADISTICA_INF_B[[#This Row],[POSICION]]="jugador",BD_ESTADISTICA_INF_B[[#This Row],[Lanzam.]],0) -> 4 | W78: =IF(BD_ESTADISTICA_INF_B[[#This Row],[POSICION]]="portero",BD_ESTADISTICA_INF_B[[#This Row],[Lanzam.]],0) -> 0
A79: Albert | B79: 4 | D79: 5 | E79: =IF(BD_ESTADISTICA_INF_B[[#This Row],[Lanzam.]]="","",IF(BD_ESTADISTICA_INF_B[[#This Row],[POSICION]]="jugador",B79/D79,C79/D79)) -> 0.8 | F79: 2 | G79: 1 | L79: 1 | O79: 5 | P79: 3 | Q79: L | R79: CREU ALTA SABADELL (L) | S79: =IF(OR(BD_ESTADISTICA_INF_B[[#This Row],[Jugador]]="eudald",BD_ESTADISTICA_INF_B[[#This Row],[Jugador]]="jules",BD_ESTADISTICA_INF_B[[#This Row],[Jugador]]="JAN"),"PORTERO","JUGADOR") -> JUGADOR | T79: =IF(BD_ESTADISTICA_INF_B[[#This Row],[POSICION]]="jugador",BD_ESTADISTICA_INF_B[[#This Row],[Goles]],0) -> 4 | U79: =IF(BD_ESTADISTICA_INF_B[[#This Row],[POSICION]]="portero",BD_ESTADISTICA_INF_B[[#This Row],[Lanzam.]]-BD_ESTADISTICA_INF_B[[#This Row],[Paradas]],0) -> 0 | V79: =IF(BD_ESTADISTICA_INF_B[[#This Row],[POSICION]]="jugador",BD_ESTADISTICA_INF_B[[#This Row],[Lanzam.]],0) -> 5 | W79: =IF(BD_ESTADISTICA_INF_B[[#This Row],[POSICION]]="portero",BD_ESTADISTICA_INF_B[[#This Row],[Lanzam.]],0) -> 0
A80: A. Espeso | B80: 1 | D80: 1 | E80: =IF(BD_ESTADISTICA_INF_B[[#This Row],[Lanzam.]]="","",IF(BD_ESTADISTICA_INF_B[[#This Row],[POSICION]]="jugador",B80/D80,C80/D80)) -> 1 | F80: 6 | M80: 1 | N80: 1 | O80: 5 | P80: 3 | Q80: L | R80: CREU ALTA SABADELL (L) | S80: =IF(OR(BD_ESTADISTICA_INF_B[[#This Row],[Jugador]]="eudald",BD_ESTADISTICA_INF_B[[#This Row],[Jugador]]="jules",BD_ESTADISTICA_INF_B[[#This Row],[Jugador]]="JAN"),"PORTERO","JUGADOR") -> JUGADOR | T80: =IF(BD_ESTADISTICA_INF_B[[#This Row],[POSICION]]="jugador",BD_ESTADISTICA_INF_B[[#This Row],[Goles]],0) -> 1 | U80: =IF(BD_ESTADISTICA_INF_B[[#This Row],[POSICION]]="portero",BD_ESTADISTICA_INF_B[[#This Row],[Lanzam.]]-BD_ESTADISTICA_INF_B[[#This Row],[Paradas]],0) -> 0 | V80: =IF(BD_ESTADISTICA_INF_B[[#This Row],[POSICION]]="jugador",BD_ESTADISTICA_INF_B[[#This Row],[Lanzam.]],0) -> 1 | W80: =IF(BD_ESTADISTICA_INF_B[[#This Row],[POSICION]]="portero",BD_ESTADISTICA_INF_B[[#This Row],[Lanzam.]],0) -> 0
A81: Manel | E81: =IF(BD_ESTADISTICA_INF_B[[#This Row],[Lanzam.]]="","",IF(BD_ESTADISTICA_INF_B[[#This Row],[POSICION]]="jugador",B81/D81,C81/D81)) | O81: 5 | P81: 3 | Q81: L | R81: CREU ALTA SABADELL (L) | S81: =IF(OR(BD_ESTADISTICA_INF_B[[#This Row],[Jugador]]="eudald",BD_ESTADISTICA_INF_B[[#This Row],[Jugador]]="jules",BD_ESTADISTICA_INF_B[[#This Row],[Jugador]]="JAN"),"PORTERO","JUGADOR") -> JUGADOR | T81: =IF(BD_ESTADISTICA_INF_B[[#This Row],[POSICION]]="jugador",BD_ESTADISTICA_INF_B[[#This Row],[Goles]],0) -> 0 | U81: =IF(BD_ESTADISTICA_INF_B[[#This Row],[POSICION]]="portero",BD_ESTADISTICA_INF_B[[#This Row],[Lanzam.]]-BD_ESTADISTICA_INF_B[[#This Row],[Paradas]],0) -> 0 | V81: =IF(BD_ESTADISTICA_INF_B[[#This Row],[POSICION]]="jugador",BD_ESTADISTICA_INF_B[[#This Row],[Lanzam.]],0) -> 0 | W81: =IF(BD_ESTADISTICA_INF_B[[#This Row],[POSICION]]="portero",BD_ESTADISTICA_INF_B[[#This Row],[Lanzam.]],0) -> 0
A82: Jordi | E82: =IF(BD_ESTADISTICA_INF_B[[#This Row],[Lanzam.]]="","",IF(BD_ESTADISTICA_INF_B[[#This Row],[POSICION]]="jugador",B82/D82,C82/D82)) | O82: 5 | P82: 3 | Q82: L | R82: CREU ALTA SABADELL (L) | S82: =IF(OR(BD_ESTADISTICA_INF_B[[#This Row],[Jugador]]="eudald",BD_ESTADISTICA_INF_B[[#This Row],[Jugador]]="jules",BD_ESTADISTICA_INF_B[[#This Row],[Jugador]]="JAN"),"PORTERO","JUGADOR") -> JUGADOR | T82: =IF(BD_ESTADISTICA_INF_B[[#This Row],[POSICION]]="jugador",BD_ESTADISTICA_INF_B[[#This Row],[Goles]],0) -> 0 | U82: =IF(BD_ESTADISTICA_INF_B[[#This Row],[POSICION]]="portero",BD_ESTADISTICA_INF_B[[#This Row],[Lanzam.]]-BD_ESTADISTICA_INF_B[[#This Row],[Paradas]],0) -> 0 | V82: =IF(BD_ESTADISTICA_INF_B[[#This Row],[POSICION]]="jugador",BD_ESTADISTICA_INF_B[[#This Row],[Lanzam.]],0) -> 0 | W82: =IF(BD_ESTADISTICA_INF_B[[#This Row],[POSICION]]="portero",BD_ESTADISTICA_INF_B[[#This Row],[Lanzam.]],0) -> 0
A83: Roger | B83: 6 | D83: 7 | E83: =IF(BD_ESTADISTICA_INF_B[[#This Row],[Lanzam.]]="","",IF(BD_ESTADISTICA_INF_B[[#This Row],[POSICION]]="jugador",B83/D83,C83/D83)) -> 0.85714286 | F83: 1 | L83: 3 | O83: 5 | P83: 3 | Q83: L | R83: CREU ALTA SABADELL (L) | S83: =IF(OR(BD_ESTADISTICA_INF_B[[#This Row],[Jugador]]="eudald",BD_ESTADISTICA_INF_B[[#This Row],[Jugador]]="jules",BD_ESTADISTICA_INF_B[[#This Row],[Jugador]]="JAN"),"PORTERO","JUGADOR") -> JUGADOR | T83: =IF(BD_ESTADISTICA_INF_B[[#This Row],[POSICION]]="jugador",BD_ESTADISTICA_INF_B[[#This Row],[Goles]],0) -> 6 | U83: =IF(BD_ESTADISTICA_INF_B[[#This Row],[POSICION]]="portero",BD_ESTADISTICA_INF_B[[#This Row],[Lanzam.]]-BD_ESTADISTICA_INF_B[[#This Row],[Paradas]],0) -> 0 | V83: =IF(BD_ESTADISTICA_INF_B[[#This Row],[POSICION]]="jugador",BD_ESTADISTICA_INF_B[[#This Row],[Lanzam.]],0) -> 7 | W83: =IF(BD_ESTADISTICA_INF_B[[#This Row],[POSICION]]="portero",BD_ESTADISTICA_INF_B[[#This Row],[Lanzam.]],0) -> 0
A84: Martí | B84: 4 | D84: 4 | E84: =IF(BD_ESTADISTICA_INF_B[[#This Row],[Lanzam.]]="","",IF(BD_ESTADISTICA_INF_B[[#This Row],[POSICION]]="jugador",B84/D84,C84/D84)) -> 1 | F84: 3 | L84: 1 | O84: 5 | P84: 3 | Q84: L | R84: CREU ALTA SABADELL (L) | S84: =IF(OR(BD_ESTADISTICA_INF_B[[#This Row],[Jugador]]="eudald",BD_ESTADISTICA_INF_B[[#This Row],[Jugador]]="jules",BD_ESTADISTICA_INF_B[[#This Row],[Jugador]]="JAN"),"PORTERO","JUGADOR") -> JUGADOR | T84: =IF(BD_ESTADISTICA_INF_B[[#This Row],[POSICION]]="jugador",BD_ESTADISTICA_INF_B[[#This Row],[Goles]],0) -> 4 | U84: =IF(BD_ESTADISTICA_INF_B[[#This Row],[POSICION]]="portero",BD_ESTADISTICA_INF_B[[#This Row],[Lanzam.]]-BD_ESTADISTICA_INF_B[[#This Row],[Paradas]],0) -> 0 | V84: =IF(BD_ESTADISTICA_INF_B[[#This Row],[POSICION]]="jugador",BD_ESTADISTICA_INF_B[[#This Row],[Lanzam.]],0) -> 4 | W84: =IF(BD_ESTADISTICA_INF_B[[#This Row],[POSICION]]="portero",BD_ESTADISTICA_INF_B[[#This Row],[Lanzam.]],0) -> 0
A85: Biel | B85: 1 | D85: 2 | E85: =IF(BD_ESTADISTICA_INF_B[[#This Row],[Lanzam.]]="","",IF(BD_ESTADISTICA_INF_B[[#This Row],[POSICION]]="jugador",B85/D85,C85/D85)) -> 0.5 | F85: 1 | N85: 1 | O85: 5 | P85: 3 | Q85: L | R85: CREU ALTA SABADELL (L) | S85: =IF(OR(BD_ESTADISTICA_INF_B[[#This Row],[Jugador]]="eudald",BD_ESTADISTICA_INF_B[[#This Row],[Jugador]]="jules",BD_ESTADISTICA_INF_B[[#This Row],[Jugador]]="JAN"),"PORTERO","JUGADOR") -> JUGADOR | T85: =IF(BD_ESTADISTICA_INF_B[[#This Row],[POSICION]]="jugador",BD_ESTADISTICA_INF_B[[#This Row],[Goles]],0) -> 1 | U85: =IF(BD_ESTADISTICA_INF_B[[#This Row],[POSICION]]="portero",BD_ESTADISTICA_INF_B[[#This Row],[Lanzam.]]-BD_ESTADISTICA_INF_B[[#This Row],[Paradas]],0) -> 0 | V85: =IF(BD_ESTADISTICA_INF_B[[#This Row],[POSICION]]="jugador",BD_ESTADISTICA_INF_B[[#This Row],[Lanzam.]],0) -> 2 | W85: =IF(BD_ESTADISTICA_INF_B[[#This Row],[POSICION]]="portero",BD_ESTADISTICA_INF_B[[#This Row],[Lanzam.]],0) -> 0
A86: Joan Pau | B86: 6 | D86: 7 | E86: =IF(BD_ESTADISTICA_INF_B[[#This Row],[Lanzam.]]="","",IF(BD_ESTADISTICA_INF_B[[#This Row],[POSICION]]="jugador",B86/D86,C86/D86)) -> 0.85714286 | F86: 3 | H86: 1 | L86: 4 | M86: 1 | O86: 5 | P86: 3 | Q86: L | R86: CREU ALTA SABADELL (L) | S86: =IF(OR(BD_ESTADISTICA_INF_B[[#This Row],[Jugador]]="eudald",BD_ESTADISTICA_INF_B[[#This Row],[Jugador]]="jules",BD_ESTADISTICA_INF_B[[#This Row],[Jugador]]="JAN"),"PORTERO","JUGADOR") -> JUGADOR | T86: =IF(BD_ESTADISTICA_INF_B[[#This Row],[POSICION]]="jugador",BD_ESTADISTICA_INF_B[[#This Row],[Goles]],0) -> 6 | U86: =IF(BD_ESTADISTICA_INF_B[[#This Row],[POSICION]]="portero",BD_ESTADISTICA_INF_B[[#This Row],[Lanzam.]]-BD_ESTADISTICA_INF_B[[#This Row],[Paradas]],0) -> 0 | V86: =IF(BD_ESTADISTICA_INF_B[[#This Row],[POSICION]]="jugador",BD_ESTADISTICA_INF_B[[#This Row],[Lanzam.]],0) -> 7 | W86: =IF(BD_ESTADISTICA_INF_B[[#This Row],[POSICION]]="portero",BD_ESTADISTICA_INF_B[[#This Row],[Lanzam.]],0) -> 0
A87: Gerard | B87: 0 | D87: 1 | E87: =IF(BD_ESTADISTICA_INF_B[[#This Row],[Lanzam.]]="","",IF(BD_ESTADISTICA_INF_B[[#This Row],[POSICION]]="jugador",B87/D87,C87/D87)) -> 0 | G87: 1 | H87: 1 | O87: 5 | P87: 3 | Q87: L | R87: CREU ALTA SABADELL (L) | S87: =IF(OR(BD_ESTADISTICA_INF_B[[#This Row],[Jugador]]="eudald",BD_ESTADISTICA_INF_B[[#This Row],[Jugador]]="jules",BD_ESTADISTICA_INF_B[[#This Row],[Jugador]]="JAN"),"PORTERO","JUGADOR") -> JUGADOR | T87: =IF(BD_ESTADISTICA_INF_B[[#This Row],[POSICION]]="jugador",BD_ESTADISTICA_INF_B[[#This Row],[Goles]],0) -> 0 | U87: =IF(BD_ESTADISTICA_INF_B[[#This Row],[POSICION]]="portero",BD_ESTADISTICA_INF_B[[#This Row],[Lanzam.]]-BD_ESTADISTICA_INF_B[[#This Row],[Paradas]],0) -> 0 | V87: =IF(BD_ESTADISTICA_INF_B[[#This Row],[POSICION]]="jugador",BD_ESTADISTICA_INF_B[[#This Row],[Lanzam.]],0) -> 1 | W87: =IF(BD_ESTADISTICA_INF_B[[#This Row],[POSICION]]="portero",BD_ESTADISTICA_INF_B[[#This Row],[Lanzam.]],0) -> 0
A88: Marçal | B88: 3 | D88: 6 | E88: =IF(BD_ESTADISTICA_INF_B[[#This Row],[Lanzam.]]="","",IF(BD_ESTADISTICA_INF_B[[#This Row],[POSICION]]="jugador",B88/D88,C88/D88)) -> 0.5 | F88: 3 | H88: 1 | J88: 1 | L88: 1 | N88: 1 | O88: 5 | P88: 3 | Q88: L | R88: CREU ALTA SABADELL (L) | S88: =IF(OR(BD_ESTADISTICA_INF_B[[#This Row],[Jugador]]="eudald",BD_ESTADISTICA_INF_B[[#This Row],[Jugador]]="jules",BD_ESTADISTICA_INF_B[[#This Row],[Jugador]]="JAN"),"PORTERO","JUGADOR") -> JUGADOR | T88: =IF(BD_ESTADISTICA_INF_B[[#This Row],[POSICION]]="jugador",BD_ESTADISTICA_INF_B[[#This Row],[Goles]],0) -> 3 | U88: =IF(BD_ESTADISTICA_INF_B[[#This Row],[POSICION]]="portero",BD_ESTADISTICA_INF_B[[#This Row],[Lanzam.]]-BD_ESTADISTICA_INF_B[[#This Row],[Paradas]],0) -> 0 | V88: =IF(BD_ESTADISTICA_INF_B[[#This Row],[POSICION]]="jugador",BD_ESTADISTICA_INF_B[[#This Row],[Lanzam.]],0) -> 6 | W88: =IF(BD_ESTADISTICA_INF_B[[#This Row],[POSICION]]="portero",BD_ESTADISTICA_INF_B[[#This Row],[Lanzam.]],0) -> 0
A89: Unai | B89: 6 | D89: 6 | E89: =IF(BD_ESTADISTICA_INF_B[[#This Row],[Lanzam.]]="","",IF(BD_ESTADISTICA_INF_B[[#This Row],[POSICION]]="jugador",B89/D89,C89/D89)) -> 1 | F89: 1 | J89: 1 | L89: 1 | N89: 1 | O89: 5 | P89: 3 | Q89: L | R89: CREU ALTA SABADELL (L) | S89: =IF(OR(BD_ESTADISTICA_INF_B[[#This Row],[Jugador]]="eudald",BD_ESTADISTICA_INF_B[[#This Row],[Jugador]]="jules",BD_ESTADISTICA_INF_B[[#This Row],[Jugador]]="JAN"),"PORTERO","JUGADOR") -> JUGADOR | T89: =IF(BD_ESTADISTICA_INF_B[[#This Row],[POSICION]]="jugador",BD_ESTADISTICA_INF_B[[#This Row],[Goles]],0) -> 6 | U89: =IF(BD_ESTADISTICA_INF_B[[#This Row],[POSICION]]="portero",BD_ESTADISTICA_INF_B[[#This Row],[Lanzam.]]-BD_ESTADISTICA_INF_B[[#This Row],[Paradas]],0) -> 0 | V89: =IF(BD_ESTADISTICA_INF_B[[#This Row],[POSICION]]="jugador",BD_ESTADISTICA_INF_B[[#This Row],[Lanzam.]],0) -> 6 | W89: =IF(BD_ESTADISTICA_INF_B[[#This Row],[POSICION]]="portero",BD_ESTADISTICA_INF_B[[#This Row],[Lanzam.]],0) -> 0
A90: Leo | B90: 14 | D90: 17 | E90: =IF(BD_ESTADISTICA_INF_B[[#This Row],[Lanzam.]]="","",IF(BD_ESTADISTICA_INF_B[[#This Row],[POSICION]]="jugador",B90/D90,C90/D90)) -> 0.82352941 | F90: 4 | H90: 1 | L90: 9 | O90: 5 | P90: 3 | Q90: L | R90: CREU ALTA SABADELL (L) | S90: =IF(OR(BD_ESTADISTICA_INF_B[[#This Row],[Jugador]]="eudald",BD_ESTADISTICA_INF_B[[#This Row],[Jugador]]="jules",BD_ESTADISTICA_INF_B[[#This Row],[Jugador]]="JAN"),"PORTERO","JUGADOR") -> JUGADOR | T90: =IF(BD_ESTADISTICA_INF_B[[#This Row],[POSICION]]="jugador",BD_ESTADISTICA_INF_B[[#This Row],[Goles]],0) -> 14 | U90: =IF(BD_ESTADISTICA_INF_B[[#This Row],[POSICION]]="portero",BD_ESTADISTICA_INF_B[[#This Row],[Lanzam.]]-BD_ESTADISTICA_INF_B[[#This Row],[Paradas]],0) -> 0 | V90: =IF(BD_ESTADISTICA_INF_B[[#This Row],[POSICION]]="jugador",BD_ESTADISTICA_INF_B[[#This Row],[Lanzam.]],0) -> 17 | W90: =IF(BD_ESTADISTICA_INF_B[[#This Row],[POSICION]]="portero",BD_ESTADISTICA_INF_B[[#This Row],[Lanzam.]],0) -> 0
A91: A. Estapé | E91: =IF(BD_ESTADISTICA_INF_B[[#This Row],[Lanzam.]]="","",IF(BD_ESTADISTICA_INF_B[[#This Row],[POSICION]]="jugador",B91/D91,C91/D91)) | G91: 1 | O91: 5 | P91: 3 | Q91: L | R91: CREU ALTA SABADELL (L) | S91: =IF(OR(BD_ESTADISTICA_INF_B[[#This Row],[Jugador]]="eudald",BD_ESTADISTICA_INF_B[[#This Row],[Jugador]]="jules",BD_ESTADISTICA_INF_B[[#This Row],[Jugador]]="JAN"),"PORTERO","JUGADOR") -> JUGADOR | T91: =IF(BD_ESTADISTICA_INF_B[[#This Row],[POSICION]]="jugador",BD_ESTADISTICA_INF_B[[#This Row],[Goles]],0) -> 0 | U91: =IF(BD_ESTADISTICA_INF_B[[#This Row],[POSICION]]="portero",BD_ESTADISTICA_INF_B[[#This Row],[Lanzam.]]-BD_ESTADISTICA_INF_B[[#This Row],[Paradas]],0) -> 0 | V91: =IF(BD_ESTADISTICA_INF_B[[#This Row],[POSICION]]="jugador",BD_ESTADISTICA_INF_B[[#This Row],[Lanzam.]],0) -> 0 | W91: =IF(BD_ESTADISTICA_INF_B[[#This Row],[POSICION]]="portero",BD_ESTADISTICA_INF_B[[#This Row],[Lanzam.]],0) -> 0
A92: Jan | E92: =IF(BD_ESTADISTICA_INF_B[[#This Row],[Lanzam.]]="","",IF(BD_ESTADISTICA_INF_B[[#This Row],[POSICION]]="jugador",B92/D92,C92/D92)) | O92: 5 | P92: 3 | Q92: L | R92: CREU ALTA SABADELL (L) | S92: =IF(OR(BD_ESTADISTICA_INF_B[[#This Row],[Jugador]]="eudald",BD_ESTADISTICA_INF_B[[#This Row],[Jugador]]="jules",BD_ESTADISTICA_INF_B[[#This Row],[Jugador]]="JAN"),"PORTERO","JUGADOR") -> PORTERO | T92: =IF(BD_ESTADISTICA_INF_B[[#This Row],[POSICION]]="jugador",BD_ESTADISTICA_INF_B[[#This Row],[Goles]],0) -> 0 | U92: =IF(BD_ESTADISTICA_INF_B[[#This Row],[POSICION]]="portero",BD_ESTADISTICA_INF_B[[#This Row],[Lanzam.]]-BD_ESTADISTICA_INF_B[[#This Row],[Paradas]],0) -> 0 | V92: =IF(BD_ESTADISTICA_INF_B[[#This Row],[POSICION]]="jugador",BD_ESTADISTICA_INF_B[[#This Row],[Lanzam.]],0) -> 0 | W92: =IF(BD_ESTADISTICA_INF_B[[#This Row],[POSICION]]="portero",BD_ESTADISTICA_INF_B[[#This Row],[Lanzam.]],0) -> 0
A93: Jules | B93: 7 | C93: 7 | D93: 22 | E93: =IF(BD_ESTADISTICA_INF_B[[#This Row],[Lanzam.]]="","",IF(BD_ESTADISTICA_INF_B[[#This Row],[POSICION]]="jugador",B93/D93,C93/D93)) -> 0.31818182 | F93: 1 | O93: 5 | P93: 3 | Q93: L | R93: CREU ALTA SABADELL (L) | S93: =IF(OR(BD_ESTADISTICA_INF_B[[#This Row],[Jugador]]="eudald",BD_ESTADISTICA_INF_B[[#This Row],[Jugador]]="jules",BD_ESTADISTICA_INF_B[[#This Row],[Jugador]]="JAN"),"PORTERO","JUGADOR") -> PORTERO | T93: =IF(BD_ESTADISTICA_INF_B[[#This Row],[POSICION]]="jugador",BD_ESTADISTICA_INF_B[[#This Row],[Goles]],0) -> 0 | U93: =IF(BD_ESTADISTICA_INF_B[[#This Row],[POSICION]]="portero",BD_ESTADISTICA_INF_B[[#This Row],[Lanzam.]]-BD_ESTADISTICA_INF_B[[#This Row],[Paradas]],0) -> 15 | V93: =IF(BD_ESTADISTICA_INF_B[[#This Row],[POSICION]]="jugador",BD_ESTADISTICA_INF_B[[#This Row],[Lanzam.]],0) -> 0 | W93: =IF(BD_ESTADISTICA_INF_B[[#This Row],[POSICION]]="portero",BD_ESTADISTICA_INF_B[[#This Row],[Lanzam.]],0) -> 22
A94: Eudald | B94: 7 | C94: 7 | D94: 16 | E94: =IF(BD_ESTADISTICA_INF_B[[#This Row],[Lanzam.]]="","",IF(BD_ESTADISTICA_INF_B[[#This Row],[POSICION]]="jugador",B94/D94,C94/D94)) -> 0.4375 | O94: 5 | P94: 3 | Q94: L | R94: CREU ALTA SABADELL (L) | S94: =IF(OR(BD_ESTADISTICA_INF_B[[#This Row],[Jugador]]="eudald",BD_ESTADISTICA_INF_B[[#This Row],[Jugador]]="jules",BD_ESTADISTICA_INF_B[[#This Row],[Jugador]]="JAN"),"PORTERO","JUGADOR") -> PORTERO | T94: =IF(BD_ESTADISTICA_INF_B[[#This Row],[POSICION]]="jugador",BD_ESTADISTICA_INF_B[[#This Row],[Goles]],0) -> 0 | U94: =IF(BD_ESTADISTICA_INF_B[[#This Row],[POSICION]]="portero",BD_ESTADISTICA_INF_B[[#This Row],[Lanzam.]]-BD_ESTADISTICA_INF_B[[#This Row],[Paradas]],0) -> 9 | V94: =IF(BD_ESTADISTICA_INF_B[[#This Row],[POSICION]]="jugador",BD_ESTADISTICA_INF_B[[#This Row],[Lanzam.]],0) -> 0 | W94: =IF(BD_ESTADISTICA_INF_B[[#This Row],[POSICION]]="portero",BD_ESTADISTICA_INF_B[[#This Row],[Lanzam.]],0) -> 16
A95: David | B95: 0 | D95: 3 | E95: =IF(BD_ESTADISTICA_INF_B[[#This Row],[Lanzam.]]="","",IF(BD_ESTADISTICA_INF_B[[#This Row],[POSICION]]="jugador",B95/D95,C95/D95)) -> 0 | H95: 1 | O95: 5 | P95: 3 | Q95: L | R95: CREU ALTA SABADELL (L) | S95: =IF(OR(BD_ESTADISTICA_INF_B[[#This Row],[Jugador]]="eudald",BD_ESTADISTICA_INF_B[[#This Row],[Jugador]]="jules",BD_ESTADISTICA_INF_B[[#This Row],[Jugador]]="JAN"),"PORTERO","JUGADOR") -> JUGADOR | T95: =IF(BD_ESTADISTICA_INF_B[[#This Row],[POSICION]]="jugador",BD_ESTADISTICA_INF_B[[#This Row],[Goles]],0) -> 0 | U95: =IF(BD_ESTADISTICA_INF_B[[#This Row],[POSICION]]="portero",BD_ESTADISTICA_INF_B[[#This Row],[Lanzam.]]-BD_ESTADISTICA_INF_B[[#This Row],[Paradas]],0) -> 0 | V95: =IF(BD_ESTADISTICA_INF_B[[#This Row],[POSICION]]="jugador",BD_ESTADISTICA_INF_B[[#This Row],[Lanzam.]],0) -> 3 | W95: =IF(BD_ESTADISTICA_INF_B[[#This Row],[POSICION]]="portero",BD_ESTADISTICA_INF_B[[#This Row],[Lanzam.]],0) -> 0
A96: Maxim | B96: 2 | D96: 3 | E96: =IF(BD_ESTADISTICA_INF_B[[#This Row],[Lanzam.]]="","",IF(BD_ESTADISTICA_INF_B[[#This Row],[POSICION]]="jugador",B96/D96,C96/D96)) -> 0.66666667 | O96: 5 | P96: 3 | Q96: L | R96: CREU ALTA SABADELL (L) | S96: =IF(OR(BD_ESTADISTICA_INF_B[[#This Row],[Jugador]]="eudald",BD_ESTADISTICA_INF_B[[#This Row],[Jugador]]="jules",BD_ESTADISTICA_INF_B[[#This Row],[Jugador]]="JAN"),"PORTERO","JUGADOR") -> JUGADOR | T96: =IF(BD_ESTADISTICA_INF_B[[#This Row],[POSICION]]="jugador",BD_ESTADISTICA_INF_B[[#This Row],[Goles]],0) -> 2 | U96: =IF(BD_ESTADISTICA_INF_B[[#This Row],[POSICION]]="portero",BD_ESTADISTICA_INF_B[[#This Row],[Lanzam.]]-BD_ESTADISTICA_INF_B[[#This Row],[Paradas]],0) -> 0 | V96: =IF(BD_ESTADISTICA_INF_B[[#This Row],[POSICION]]="jugador",BD_ESTADISTICA_INF_B[[#This Row],[Lanzam.]],0) -> 3 | W96: =IF(BD_ESTADISTICA_INF_B[[#This Row],[POSICION]]="portero",BD_ESTADISTICA_INF_B[[#This Row],[Lanzam.]],0) -> 0
A97: Adai | B97: 4 | D97: 5 | E97: =IF(BD_ESTADISTICA_INF_B[[#This Row],[Lanzam.]]="","",IF(BD_ESTADISTICA_INF_B[[#This Row],[POSICION]]="jugador",B97/D97,C97/D97)) -> 0.8 | F97: 4 | H97: 1 | O97: 7 | P97: 3 | Q97: L | R97: UES SARRIA (L) | S97: =IF(OR(BD_ESTADISTICA_INF_B[[#This Row],[Jugador]]="eudald",BD_ESTADISTICA_INF_B[[#This Row],[Jugador]]="jules",BD_ESTADISTICA_INF_B[[#This Row],[Jugador]]="JAN"),"PORTERO","JUGADOR") -> JUGADOR | T97: =IF(BD_ESTADISTICA_INF_B[[#This Row],[POSICION]]="jugador",BD_ESTADISTICA_INF_B[[#This Row],[Goles]],0) -> 4 | U97: =IF(BD_ESTADISTICA_INF_B[[#This Row],[POSICION]]="portero",BD_ESTADISTICA_INF_B[[#This Row],[Lanzam.]]-BD_ESTADISTICA_INF_B[[#This Row],[Paradas]],0) -> 0 | V97: =IF(BD_ESTADISTICA_INF_B[[#This Row],[POSICION]]="jugador",BD_ESTADISTICA_INF_B[[#This Row],[Lanzam.]],0) -> 5 | W97: =IF(BD_ESTADISTICA_INF_B[[#This Row],[POSICION]]="portero",BD_ESTADISTICA_INF_B[[#This Row],[Lanzam.]],0) -> 0
A98: Albert | E98: =IF(BD_ESTADISTICA_INF_B[[#This Row],[Lanzam.]]="","",IF(BD_ESTADISTICA_INF_B[[#This Row],[POSICION]]="jugador",B98/D98,C98/D98)) | O98: 7 | P98: 3 | Q98: L | R98: UES SARRIA (L) | S98: =IF(OR(BD_ESTADISTICA_INF_B[[#This Row],[Jugador]]="eudald",BD_ESTADISTICA_INF_B[[#This Row],[Jugador]]="jules",BD_ESTADISTICA_INF_B[[#This Row],[Jugador]]="JAN"),"PORTERO","JUGADOR") -> JUGADOR | T98: =IF(BD_ESTADISTICA_INF_B[[#This Row],[POSICION]]="jugador",BD_ESTADISTICA_INF_B[[#This Row],[Goles]],0) -> 0 | U98: =IF(BD_ESTADISTICA_INF_B[[#This Row],[POSICION]]="portero",BD_ESTADISTICA_INF_B[[#This Row],[Lanzam.]]-BD_ESTADISTICA_INF_B[[#This Row],[Paradas]],0) -> 0 | V98: =IF(BD_ESTADISTICA_INF_B[[#This Row],[POSICION]]="jugador",BD_ESTADISTICA_INF_B[[#This Row],[Lanzam.]],0) -> 0 | W98: =IF(BD_ESTADISTICA_INF_B[[#This Row],[POSICION]]="portero",BD_ESTADISTICA_INF_B[[#This Row],[Lanzam.]],0) -> 0
A99: A. Espeso | B99: 2 | D99: 2 | E99: =IF(BD_ESTADISTICA_INF_B[[#This Row],[Lanzam.]]="","",IF(BD_ESTADISTICA_INF_B[[#This Row],[POSICION]]="jugador",B99/D99,C99/D99)) -> 1 | F99: 8 | H99: 1 | L99: 1 | O99: 7 | P99: 3 | Q99: L | R99: UES SARRIA (L) | S99: =IF(OR(BD_ESTADISTICA_INF_B[[#This Row],[Jugador]]="eudald",BD_ESTADISTICA_INF_B[[#This Row],[Jugador]]="jules",BD_ESTADISTICA_INF_B[[#This Row],[Jugador]]="JAN"),"PORTERO","JUGADOR") -> JUGADOR | T99: =IF(BD_ESTADISTICA_INF_B[[#This Row],[POSICION]]="jugador",BD_ESTADISTICA_INF_B[[#This Row],[Goles]],0) -> 2 | U99: =IF(BD_ESTADISTICA_INF_B[[#This Row],[POSICION]]="portero",BD_ESTADISTICA_INF_B[[#This Row],[Lanzam.]]-BD_ESTADISTICA_INF_B[[#This Row],[Paradas]],0) -> 0 | V99: =IF(BD_ESTADISTICA_INF_B[[#This Row],[POSICION]]="jugador",BD_ESTADISTICA_INF_B[[#This Row],[Lanzam.]],0) -> 2 | W99: =IF(BD_ESTADISTICA_INF_B[[#This Row],[POSICION]]="portero",BD_ESTADISTICA_INF_B[[#This Row],[Lanzam.]],0) -> 0
A100: Manel | E100: =IF(BD_ESTADISTICA_INF_B[[#This Row],[Lanzam.]]="","",IF(BD_ESTADISTICA_INF_B[[#This Row],[POSICION]]="jugador",B100/D100,C100/D100)) | O100: 7 | P100: 3 | Q100: L | R100: UES SARRIA (L) | S100: =IF(OR(BD_ESTADISTICA_INF_B[[#This Row],[Jugador]]="eudald",BD_ESTADISTICA_INF_B[[#This Row],[Jugador]]="jules",BD_ESTADISTICA_INF_B[[#This Row],[Jugador]]="JAN"),"PORTERO","JUGADOR") -> JUGADOR | T100: =IF(BD_ESTADISTICA_INF_B[[#This Row],[POSICION]]="jugador",BD_ESTADISTICA_INF_B[[#This Row],[Goles]],0) -> 0 | U100: =IF(BD_ESTADISTICA_INF_B[[#This Row],[POSICION]]="portero",BD_ESTADISTICA_INF_B[[#This Row],[Lanzam.]]-BD_ESTADISTICA_INF_B[[#This Row],[Paradas]],0) -> 0 | V100: =IF(BD_ESTADISTICA_INF_B[[#This Row],[POSICION]]="jugador",BD_ESTADISTICA_INF_B[[#This Row],[Lanzam.]],0) -> 0 | W100: =IF(BD_ESTADISTICA_INF_B[[#This Row],[POSICION]]="portero",BD_ESTADISTICA_INF_B[[#This Row],[Lanzam.]],0) -> 0
...

Sheet Analisis
N1: JORNADA | O1: (Todas)
D3: Suma de Goles | E3: Suma de Lanzam. | G3: Etiquetas de fila | H3: Suma de Campo1 | J3: Etiquetas de fila | K3: Suma de Goles | L3: Suma de Lanzam. | N3: Etiquetas de fila | R3: Asistencias | S3: Penaltis provocados | T3: Exclusiones provocadas | U3: Recuperaciones | X3: Pérdidas pase | Y3: Áreas | Z3: Perdidas otros | AA3: Exclusiones | AC3: Suma de Campo1
C4: 1 | D4: 1 | E4: 1 | G4: 1 | H4: 1 | J4: A. Espeso | K4: 5 | L4: 5 | N4: H.SANT QUIRZE(L) | Q4: 1 | R4: 8 | U4: 1 | W4: 1 | X4: 2 | AC4: 1 | AE4: Asistencias | AF4: Penaltis provocados | AG4: Exclusiones provocadas | AH4: Recuperaciones | AJ4: Suma de Exclusión | AK4: Suma de Pase | AL4: Suma de Área | AM4: Suma de Otro | AO4: 1 | AQ4: PROMEDIO RECUPERACIONES | AR4: =GETPIVOTDATA("Recuperaciones",$AE$4)/Analisis_Equipo!AI2 -> 0.28571429
C5: CH PALAUTORDERA (L) | D5: 1 | E5: 1 | G5: 3 | H5: 1 | J5: Total general | K5: 5 | L5: 5 | N5: VIROLAI (V) | Q5: CH PALAUTORDERA (L) | R5: 8 | U5: 1 | W5: CH PALAUTORDERA (L) | X5: 2 | AE5: 40 | AF5: 2 | AG5: 1 | AH5: 2 | AK5: 4 | AO5: 3 | AQ5: PROMEDIO EXC. PROVOCADAS | AR5: =GETPIVOTDATA("Exclusiones provocadas",$AE$4)/Analisis_Equipo!AI2 -> 0.14285714
C6: 3 | D6: 1 | E6: 1 | G6: 4 | H6: #DIV/0! | N6: CH PALAUTORDERA (L) | Q6: 3 | R6: 4 | W6: 3 | AO6: 4 | AQ6: PROMEDIO PENALTI PROVOCADOS | AR6: =GETPIVOTDATA("Penaltis provocados",$AE$4)/Analisis_Equipo!AI2 -> 0.28571429
C7: H.SANT QUIRZE(L) | D7: 1 | E7: 1 | G7: 5 | H7: 1 | N7: CH ESPLUGUES (V) | Q7: H.SANT QUIRZE(L) | R7: 4 | W7: H.SANT QUIRZE(L) | AO7: 5 | AQ7: PROMEDIO ASISTENCIAS | AR7: =GETPIVOTDATA("Asistencias",$AE$4)/Analisis_Equipo!AI2 -> 5.7142857
C8: 4 | G8: 6 | H8: #DIV/0! | N8: CREU ALTA SABADELL (L) | Q8: 4 | R8: 6 | S8: 1 | W8: 4 | X8: 1 | AO8: 6
C9: VIROLAI (V) | G9: 7 | H9: 1 | N9: UES SARRIA (L) | Q9: VIROLAI (V) | R9: 6 | S9: 1 | W9: VIROLAI (V) | X9: 1 | AO9: 7
C10: 5 | D10: 1 | E10: 1 | G10: Total general | H10: 1 | N10: Total general | Q10: 5 | R10: 6 | S10: 1 | T10: 1 | W10: 5 | AO10: Total general
C11: CREU ALTA SABADELL (L) | D11: 1 | E11: 1 | Q11: CREU ALTA SABADELL (L) | R11: 6 | S11: 1 | T11: 1 | W11: CREU ALTA SABADELL (L)
C12: 6 | Q12: 6 | R12: 8 | W12: 6
C13: CH ESPLUGUES (V) | Q13: CH ESPLUGUES (V) | R13: 8 | W13: CH ESPLUGUES (V)
C14: 7 | D14: 2 | E14: 2 | Q14: 7 | R14: 8 | U14: 1 | W14: 7 | X14: 1
C15: UES SARRIA (L) | D15: 2 | E15: 2 | Q15: UES SARRIA (L) | R15: 8 | U15: 1 | W15: UES SARRIA (L) | X15: 1
C16: Total general | D16: 5 | E16: 5 | Q16: Total general | R16: 40 | S16: 2 | T16: 1 | U16: 2 | W16: Total general | X16: 4

Sheet Analisis_Equipo
D2: Suma de goles favor | E2: Suma de lanzamientos realizados | F2: Suma de eficiencia | G2: Suma de goles favor | H2: Suma de lanzamientos realizados | I2: Suma de Campo11 | L2: Suma de Paradas | M2: Suma de goles contra | N2: Suma de eficiencia porteria | P2: Suma de goles contra | Q2: Suma de Paradas | R2: Suma de Campo12 | U2: Asistencias | V2: Penaltis provocados | W2: Exclusiones provocadas | X2: Recuperaciones | AA2: Pérdidas pase | AB2: Áreas | AC2: Perdidas otros | AD2: Exclusiones | AH2: NUMERO JORNADAS: | AI2: =MAX(Datos!O:O) -> 7 | AK2: Pérdidas pase | AL2: Áreas | AM2: Perdidas otros | AN2: Exclusiones
C3: 1 | D3: 39 | E3: 50 | F3: 78 | G3: 265 | H3: 314 | I3: 84.394904 | K3: 1 | L3: 9 | M3: 19 | N3: 32.142857 | P3: 97 | Q3: 56 | R3: 36.601307 | T3: 1 | U3: 24 | V3: 4 | W3: 3 | X3: 12 | Z3: 1 | AA3: 10 | AB3: 1 | AD3: 2 | AH3: GOLES A FAVOR | AI3: =GETPIVOTDATA("Suma de goles favor",$G$2) -> 265 | AK3: 35 | AL3: 2 | AM3: 1 | AN3: 16
C4: CH PALAUTORDERA (L) | D4: 39 | E4: 50 | F4: 78 | K4: CH PALAUTORDERA (L) | L4: 9 | M4: 19 | N4: 32.142857 | T4: CH PALAUTORDERA (L) | U4: 24 | V4: 4 | W4: 3 | X4: 12 | Z4: CH PALAUTORDERA (L) | AA4: 10 | AB4: 1 | AD4: 2 | AH4: GOLES EN CONTRA | AI4: =GETPIVOTDATA("Suma de goles contra",$P$2) -> 97 | AP4: Asistencias | AQ4: Penaltis provocados | AR4: Exclusiones provocadas | AS4: Recuperaciones | AU4: Pérdidas pase | AV4: Áreas | AW4: Perdidas otros | AX4: Exclusiones
C5: 3 | D5: 48 | E5: 54 | F5: 88.888889 | K5: 3 | L5: 6 | M5: 8 | N5: 42.857143 | T5: 3 | U5: 28 | V5: 1 | X5: 19 | Z5: 3 | AA5: 2 | AD5: 1 | AH5: PARADAS | AI5: =GETPIVOTDATA("Suma de Paradas",$P$2) -> 56 | AJ5: =AI5/AI2 -> 8 | AK5: Asistencias | AL5: Recuperaciones | AM5: Suma de Exclusión + | AP5: 153 | AQ5: 13 | AR5: 7 | AS5: 100 | AU5: 35 | AV5: 2 | AW5: 1 | AX5: 16
C6: H.SANT QUIRZE(L) | D6: 48 | E6: 54 | F6: 88.888889 | K6: H.SANT QUIRZE(L) | L6: 6 | M6: 8 | N6: 42.857143 | T6: H.SANT QUIRZE(L) | U6: 28 | V6: 1 | X6: 19 | Z6: H.SANT QUIRZE(L) | AA6: 2 | AD6: 1 | AH6: LANZ REALIZADOS | AI6: =GETPIVOTDATA("Suma de lanzamientos realizados",$G$2) -> 314 | AJ6: =AI6/AI2 -> 44.857143 | AK6: 153 | AL6: 100 | AM6: 7
C7: 4 | D7: 49 | E7: 55 | F7: 89.090909 | K7: 4 | L7: 11 | M7: 14 | N7: 44 | T7: 4 | U7: 25 | V7: 2 | W7: 2 | X7: 23 | Z7: 4 | AA7: 5 | AD7: 5 | AH7: EFICIENCIA | AI7: =GETPIVOTDATA("Suma de Campo11",$G$2) -> 84.394904
C8: VIROLAI (V) | D8: 49 | E8: 55 | F8: 89.090909 | K8: VIROLAI (V) | L8: 11 | M8: 14 | N8: 44 | T8: VIROLAI (V) | U8: 25 | V8: 2 | W8: 2 | X8: 23 | Z8: VIROLAI (V) | AA8: 5 | AD8: 5 | AH8: MEDIA METIDOS | AI8: =AI3/AI2 -> 37.857143
C9: 5 | D9: 50 | E9: 66 | F9: 75.757576 | K9: 5 | L9: 14 | M9: 24 | N9: 36.842105 | T9: 5 | U9: 25 | V9: 4 | W9: 2 | X9: 20 | Z9: 5 | AA9: 5 | AD9: 4 | AH9: PORCENTAJE PARADAS | AI9: =GETPIVOTDATA("Suma de Paradas",$P$2)/(AI4+AI5) -> 0.36601307
C10: CREU ALTA SABADELL (L) | D10: 50 | E10: 66 | F10: 75.757576 | K10: CREU ALTA SABADELL (L) | L10: 14 | M10: 24 | N10: 36.842105 | T10: CREU ALTA SABADELL (L) | U10: 25 | V10: 4 | W10: 2 | X10: 20 | Z10: CREU ALTA SABADELL (L) | AA10: 5 | AD10: 4 | AH10: MEDIA RECIBIDOS | AI10: =AI4/AI2 -> 13.857143
C11: 6 | D11: 37 | E11: 43 | F11: 86.046512 | K11: 6 | L11: 10 | M11: 17 | N11: 37.037037 | T11: 6 | U11: 27 | V11: 1 | X11: 12 | Z11: 6 | AA11: 6 | AB11: 1 | AD11: 2 | AH11: ASISTENCIAS | AI11: =GETPIVOTDATA("Asistencias",$AK$5) -> 153 | AJ11: =AI11/AI2 -> 21.857143
C12: CH ESPLUGUES (V) | D12: 37 | E12: 43 | F12: 86.046512 | K12: CH ESPLUGUES (V) | L12: 10 | M12: 17 | N12: 37.037037 | T12: CH ESPLUGUES (V) | U12: 27 | V12: 1 | X12: 12 | Z12: CH ESPLUGUES (V) | AA12: 6 | AB12: 1 | AD12: 2 | AH12: PERDIDAS | AI12: =GETPIVOTDATA("Pérdidas pase",$AK$2)+GETPIVOTDATA("Áreas",$AK$2)+GETPIVOTDATA("Perdidas otros",$AK$2) -> 38 | AJ12: =AI12/$AI$2 -> 5.4285714
C13: 7 | D13: 42 | E13: 46 | F13: 91.304348 | K13: 7 | L13: 6 | M13: 15 | N13: 28.571429 | T13: 7 | U13: 24 | V13: 1 | X13: 14 | Z13: 7 | AA13: 7 | AC13: 1 | AD13: 2 | AH13: RECUPERACIONES | AI13: =GETPIVOTDATA("Recuperaciones",$AK$5) -> 100 | AJ13: =AI13/$AI$2 -> 14.285714
C14: UES SARRIA (L) | D14: 42 | E14: 46 | F14: 91.304348 | K14: UES SARRIA (L) | L14: 6 | M14: 15 | N14: 28.571429 | T14: UES SARRIA (L) | U14: 24 | V14: 1 | X14: 14 | Z14: UES SARRIA (L) | AA14: 7 | AC14: 1 | AD14: 2 | AH14: EXCLUSION + | AI14: =GETPIVOTDATA("Suma de Exclusión +",$AK$5) -> 7 | AJ14: =AI14/$AI$2 -> 1
C15: Total general | D15: 265 | E15: 314 | F15: 84.394904 | K15: Total general | L15: 56 | M15: 97 | N15: 36.601307 | T15: Total general | U15: 153 | V15: 13 | W15: 7 | X15: 100 | Z15: Total general | AA15: 35 | AB15: 2 | AC15: 1 | AD15: 16 | AH15: EXCLUSION - | AI15: =GETPIVOTDATA("Exclusiones",$AK$2) -> 16 | AJ15: =AI15/$AI$2 -> 2.2857143
AH16: PENALTIS PROVOCADOS | AI16: =GETPIVOTDATA("Penaltis provocados",$T$2) -> 13
AH17: PERDIDAS PASE | AI17: =GETPIVOTDATA("Pérdidas pase",$Z$2) -> 35
AH18: PERDIDAS OTROS | AI18: =GETPIVOTDATA("Perdidas otros",$Z$2) -> 1
AH19: AREA | AI19: =GETPIVOTDATA("Áreas",$Z$2) -> 2

Sheet Individual

Sheet Equipo

Sheet fitlro_individual
A2: SELECCIONAR TIPO GRÁFICO: | D2: Goles/Lanzamientos
D7: acciones negativas

Sheet filtro_equipo
A2: SELECCIONAR TIPO GRÁFICO: | D2: Goles/Lanzamientos/Eficiencia
D7: acciones negativas

Sheet cuadro desplegable
C4: Goles/Lanzamientos | D4: Eficiencia | E4: Acciones positivas | F4: Acciones negativas | G4: "SELECCIONAR TIPO GRÁFICO"
C8: Goles/Lanzamientos/Eficiencia | D8: Acciones Positivas | E8: Acciones Negativas

Sheet J1_Individual
